O*NET-SOC Code,Title,Deductive Reasoning,Finger Dexterity,Fluency of Ideas,Inductive Reasoning,Manual Dexterity,Mathematical Reasoning,Near Vision,Number Facility,Oral Comprehension,Oral Expression,Originality,Problem Sensitivity,Endurance,Visualization,Written Comprehension,Written Expression,Artistic,Conventional,Enterprising,Investigative,Realistic,Social,Achievement/Effort,Adaptability/Flexibility,Analytical Thinking,Concern for Others,Cooperation,Dependability,Initiative,Innovation,Integrity,Leadership,Persistence,Self-Control,Social Orientation,Stress Tolerance,Independence,Career Number,Relevant O*NET-SOC Code,Career Name,Group Name,Prestige,Salary,Geographic Flexibility,Career Flexibility,Job Security,Physical Ease,Job Growth Prospects,Emotional Ease,Career Stability,Work-Life Balance,Status Quo with Growth,Aspirational Career 1,Aspirational Career 2,Aspirational Career 3,Aspirational Career 4,Summary Description
11-1011.03,Chief Sustainability Officers,0.7831016825164595,0.2524193548387097,0.8621502209131076,0.631919715118161,0.0,0.4619565217391305,0.4063811922753989,0.5505590062111801,0.6928301886792453,0.7479022254651585,0.8358028424553978,0.5752670767238587,0.0,0.5110968156963656,0.7265040650406502,0.8268174474959614,0.2466666666666666,0.5299625468164793,0.9466666666666664,0.63,0.1733333333333333,0.4249999999999999,0.7172995780590716,0.8287037037037039,0.8513931888544891,0.6363636363636364,0.8493150684931505,0.5449438202247192,0.9292035398230089,0.9187279151943464,0.7962962962962961,0.9492063492063492,0.8776371308016877,0.6200000000000001,0.6741935483870967,0.6024096385542168,0.7307692307692306,81,11-1011.03,Indian Administrative Service (IAS) Officer,Public Service & Governance,100,80,30,50,96,90,90,60,98,76,Senior IAS Officer,Cabinet Secretary,Chief Secretary,State Governor,Public Policy Consultant,Rule with wisdom—shape India’s future from the top!
11-1011.03,Chief Sustainability Officers,0.7831016825164595,0.2524193548387097,0.8621502209131076,0.631919715118161,0.0,0.4619565217391305,0.4063811922753989,0.5505590062111801,0.6928301886792453,0.7479022254651585,0.8358028424553978,0.5752670767238587,0.0,0.5110968156963656,0.7265040650406502,0.8268174474959614,0.2466666666666666,0.5299625468164793,0.9466666666666664,0.63,0.1733333333333333,0.4249999999999999,0.7172995780590716,0.8287037037037039,0.8513931888544891,0.6363636363636364,0.8493150684931505,0.5449438202247192,0.9292035398230089,0.9187279151943464,0.7962962962962961,0.9492063492063492,0.8776371308016877,0.6200000000000001,0.6741935483870967,0.6024096385542168,0.7307692307692306,82,11-1011.03,Indian Foreign Service (IFS) Officer,Public Service & Governance,98,82,60,52,94,92,88,58,96,70,Senior IFS Officer,Ambassador,Foreign Secretary,International Org Director,Diplomatic Consultant,Charm the world—be India’s voice abroad!
11-1011.03,Chief Sustainability Officers,0.7831016825164595,0.2524193548387097,0.8621502209131076,0.631919715118161,0.0,0.4619565217391305,0.4063811922753989,0.5505590062111801,0.6928301886792453,0.7479022254651585,0.8358028424553978,0.5752670767238587,0.0,0.5110968156963656,0.7265040650406502,0.8268174474959614,0.2466666666666666,0.5299625468164793,0.9466666666666664,0.63,0.1733333333333333,0.4249999999999999,0.7172995780590716,0.8287037037037039,0.8513931888544891,0.6363636363636364,0.8493150684931505,0.5449438202247192,0.9292035398230089,0.9187279151943464,0.7962962962962961,0.9492063492063492,0.8776371308016877,0.6200000000000001,0.6741935483870967,0.6024096385542168,0.7307692307692306,84,11-1011.03,Indian Revenue Service (IRS) Officer,Public Service & Governance,94,76,34,50,94,90,84,62,96,72,Senior IRS Officer,Chief Commissioner of Income Tax,Tax Policy Director,Financial Regulator,Tax Consulting Firm Head,Track every rupee—master India’s tax game!
11-2011.00,Advertising and Promotions Managers,0.7556693489392831,0.2069892473118279,0.8353460972017674,0.5224991906765941,0.1058201058201057,0.5078260869565218,0.654492023509656,0.5595031055900622,0.6656603773584905,0.8117475373951114,0.7973994557000303,0.5046940757526707,0.0,0.6468317787069797,0.7021138211382114,0.735702746365105,0.475,0.49438202247191,1.0,0.1183333333333332,0.0116666666666666,0.3566666666666667,0.6793248945147676,0.8009259259259263,0.6532507739938082,0.5672727272727273,0.7762557077625569,0.7247191011235952,0.8495575221238933,0.745583038869258,0.6157407407407407,0.7015873015873019,0.7468354430379749,0.6349999999999998,0.6483870967741936,0.7590361445783129,0.6249999999999998,15,11-2011.00,Digital Marketing Specialist,Sales & Marketing,74,68,70,76,56,90,72,60,64,48,Senior Digital Marketing Manager,Chief Marketing Officer (CMO),Digital Agency Founder,Brand Strategy Director,E-Commerce Marketing VP,Craft viral ads and boost brands—rock the internet with your marketing mojo!
11-2021.00,Marketing Managers,0.7425018288222384,0.2419354838709677,0.8468335787923416,0.5791518290708966,0.0,0.5586956521739131,0.5344248530646517,0.6295652173913044,0.6656603773584905,0.6789492885808098,0.7807680677351074,0.4930398187115571,0.0,0.5789642972016726,0.7138211382113819,0.7473344103392568,0.2416666666666666,0.5692883895131087,1.0,0.3166666666666666,0.0,0.3033333333333333,0.7721518987341771,0.75,0.6904024767801858,0.4072727272727273,0.5799086757990868,0.6348314606741572,0.836283185840708,0.8021201413427564,0.6157407407407407,0.8095238095238096,0.7088607594936711,0.48,0.6806451612903224,0.6224899598393572,0.5480769230769229,4,11-2021.00,Product Manager,Business Management & Strategy,80,76,76,82,60,94,80,60,72,44,Senior Product Manager,Chief Product Officer (CPO),Tech Startup Founder,Product Marketing Director,VP of Innovation,Dream up cool products and lead teams to launch them—be the boss of innovation!
11-2022.00,Sales Managers,0.7425018288222384,0.2419354838709677,0.8026509572901326,0.5908060861120104,0.149262043998886,0.5671739130434783,0.4609571788413099,0.6385093167701864,0.6792452830188681,0.6789492885808098,0.7698820683398853,0.5224991906765942,0.0,0.3911225474429077,0.7021138211382114,0.735702746365105,0.0516666666666666,0.7340823970037453,1.0,0.1099999999999999,0.0816666666666666,0.3816666666666667,0.784810126582278,0.8703703703703705,0.7337461300309597,0.5418181818181819,0.7031963470319633,0.7584269662921348,0.9469026548672566,0.7950530035335689,0.8333333333333333,0.8730158730158731,0.8143459915611817,0.6949999999999998,0.6903225806451612,0.8273092369477908,0.7499999999999998,18,11-2022.00,Luxury Brand Manager,Sales & Marketing,80,76,68,70,58,88,74,64,66,52,Senior Luxury Brand Manager,Luxury Brand CEO,Retail Strategy Director,Fashion Entrepreneur,Global Marketing VP,Sell swanky style to the elite—live the high life with top brands!
11-3061.00,Purchasing Managers,0.7008046817849306,0.0,0.840942562592047,0.5496924571058595,0.0,0.5586956521739131,0.4609571788413099,0.6432298136645964,0.6226415094339622,0.6789492885808098,0.7326882370728758,0.4930398187115571,0.0,0.3136056609842393,0.6865040650406504,0.7063004846526656,0.0666666666666666,0.7284644194756553,1.0,0.1683333333333332,0.1733333333333333,0.295,0.6582278481012656,0.8240740740740742,0.7894736842105264,0.5963636363636363,0.7853881278538815,0.7359550561797752,0.7168141592920352,0.6360424028268553,0.9259259259259258,0.7746031746031746,0.6118143459915613,0.7050000000000001,0.5935483870967742,0.8313253012048192,0.6298076923076921,13,11-3061.00,E-Commerce Specialist,Sales & Marketing,72,70,64,74,58,92,74,62,68,50,Senior E-Commerce Manager,E-Commerce CEO,Marketplace Strategy Director,Digital Transformation Consultant,Retail Tech Entrepreneur,Rule the online shopping world—make e-stores thrive with your digital magic!
11-3121.00,Human Resources Managers,0.7446964155084125,0.3397849462365592,0.7731958762886597,0.6202654580770475,0.1058201058201057,0.5326086956521738,0.6393786733837113,0.5997515527950311,0.7169811320754716,0.7427946005107623,0.719080737828848,0.5636128196827451,0.0,0.3911225474429077,0.7538211382113822,0.762843295638126,0.1183333333333332,0.6610486891385767,1.0,0.2799999999999999,0.015,0.4800000000000001,0.6708860759493669,0.7592592592592593,0.7275541795665635,0.7745454545454545,0.7899543378995433,0.7640449438202248,0.8407079646017697,0.6007067137809189,0.9444444444444444,0.888888888888889,0.7721518987341773,0.8999999999999999,0.7193548387096773,0.8192771084337349,0.5048076923076923,6,11-3121.00,HR Specialist,Business Management & Strategy,68,64,56,70,64,90,68,70,70,60,Senior HR Manager,Chief Human Resources Officer (CHRO),HR Consulting Partner,Talent Acquisition Director,Organizational Development Director,Build dream teams and keep workplaces buzzing—be the people guru every company needs!
11-9081.00,Lodging Managers,0.6210680321872714,0.4338709677419355,0.7537555228276878,0.4885076076400128,0.341130604288499,0.5415217391304348,0.4227539882451724,0.5093167701863355,0.6226415094339622,0.696461145567311,0.6954944058058665,0.5665263839430236,0.3042884457798416,0.4297201672563526,0.7021138211382114,0.762843295638126,0.0749999999999999,0.6835205992509363,0.8816666666666665,0.0283333333333333,0.2416666666666666,0.5366666666666667,0.860759493670886,0.976851851851852,0.8513931888544891,0.7599999999999999,0.8630136986301373,0.9550561797752808,0.9823008849557522,0.7809187279151945,0.87037037037037,0.8603174603174605,0.9915611814345996,0.9499999999999996,0.903225806451613,0.9116465863453816,0.8605769230769231,19,11-9081.00,Travel & Tourism Manager,Sales & Marketing,66,60,56,64,52,82,64,60,58,56,Senior Tourism Manager,Tourism Board Director,Travel Startup Founder,Hospitality Chain CEO,Destination Marketing Head,Create dream vacations—send people on adventures while you explore the world!
11-9151.00,Social and Community Service Managers,0.7139722019019751,0.3868279569892473,0.7758468335787922,0.5791518290708966,0.149262043998886,0.5065217391304347,0.4063811922753989,0.5788819875776398,0.7245283018867922,0.8307187157971542,0.7856062896885396,0.5908060861120102,0.1037967768369297,0.4297201672563526,0.7021138211382114,0.7473344103392568,0.2233333333333333,0.5411985018726593,1.0,0.1916666666666666,0.0,0.725,0.8185654008438814,0.9398148148148152,0.7430340557275542,0.8072727272727273,0.7808219178082192,0.8595505617977528,0.915929203539823,0.7102473498233216,0.9305555555555552,0.961904761904762,0.8185654008438821,0.8799999999999999,0.8258064516129031,0.8554216867469877,0.6442307692307692,104,11-9151.00,Rural Development Officer,Education & Social Impact,78,64,38,58,82,82,68,58,84,72,Senior Rural Development Officer,Rural Development Agency Head,NGO Founder,Policy Consultant,Sustainability Director,Grow villages strong—build India from the roots!
11-9161.00,Emergency Management Directors,0.7896854425749816,0.2016129032258063,0.8736377025036819,0.671738426675299,0.2550821498189919,0.4817391304347826,0.5533165407220825,0.5416149068322982,0.7245283018867922,0.7511856986501276,0.8191714544904749,0.6636451926189703,0.1693526358918328,0.65422965583789,0.7138211382113819,0.7870759289176089,0.1299999999999999,0.5617977528089888,0.6649999999999999,0.5933333333333334,0.4333333333333333,0.5,0.6160337552742614,0.7962962962962965,0.6749226006191952,0.7200000000000001,0.730593607305936,0.6910112359550564,0.7610619469026547,0.6537102473498234,0.8518518518518514,0.8666666666666668,0.6708860759493671,0.7250000000000001,0.6516129032258065,0.8755020080321283,0.4326923076923077,106,11-9161.00,Sustainability Consultant,Education & Social Impact,76,66,60,70,72,86,70,62,74,66,Senior Sustainability Consultant,Chief Sustainability Officer,Sustainability Firm Founder,Green Policy Advisor,Corporate ESG Director,Green up the world—make Earth smile again!
11-9199.01,Regulatory Affairs Managers,0.7008046817849306,0.2069892473118279,0.6774668630338734,0.5791518290708966,0.0,0.391304347826087,0.6078925272879935,0.4770186335403727,0.6362264150943394,0.665815395840934,0.593286967039613,0.5636128196827451,0.0,0.2457381794789322,0.7665040650406505,0.7870759289176089,0.0416666666666666,0.8220973782771535,0.9016666666666668,0.3066666666666666,0.125,0.2733333333333333,0.5780590717299576,0.6898148148148149,0.7678018575851394,0.3236363636363636,0.639269406392694,0.696629213483146,0.6814159292035395,0.4593639575971732,0.9351851851851852,0.7936507936507938,0.6413502109704643,0.5800000000000001,0.4451612903225805,0.7630522088353413,0.3653846153846152,11,11-9199.01,Startup Incubator Manager,Business Management & Strategy,78,72,60,80,52,88,76,60,58,46,Senior Incubator Manager,Venture Capital Partner,Startup Ecosystem Director,Tech Entrepreneur,Innovation Hub CEO,Nurture the next big idea—help startups soar and be a startup superstar!
13-1011.00,"Agents and Business Managers of Artists, Performers, and Athletes",0.6543525969275786,0.1973118279569892,0.6668630338733432,0.5370670119779861,0.0696184906711222,0.4095652173913043,0.5344248530646517,0.4077018633540373,0.6362264150943394,0.7238234221087193,0.6186876322951316,0.5393331175137585,0.0,0.2457381794789322,0.7021138211382114,0.6768982229402262,0.42,0.4194756554307116,0.8916666666666665,0.1083333333333332,0.0,0.5016666666666666,0.6371308016877635,0.5601851851851853,0.5077399380804956,0.5309090909090909,0.6438356164383561,0.6292134831460672,0.7831858407079644,0.6254416961130743,0.7083333333333333,0.5777777777777778,0.8565400843881856,0.4249999999999998,0.6741935483870967,0.4859437751004014,0.48076923076923084,97,13-1011.00,Talent Agent,Creative & Media Arts,72,68,66,66,52,84,70,58,58,54,Senior Talent Agent,Talent Agency CEO,Entertainment Producer,Sports Management Head,Celebrity Brand Consultant,Spot star power—launch celebs to the top!
13-1041.00,Compliance Officers,0.5618141916605707,0.4209677419354839,0.5817378497790868,0.5791518290708966,0.404344193817878,0.3652173913043478,0.6242653232577667,0.5093167701863355,0.6226415094339622,0.665815395840934,0.5334139703658907,0.4405956620265457,0.3346080305927342,0.3940173689289161,0.7021138211382114,0.6768982229402262,0.0,0.8726591760299627,0.51,0.3416666666666667,0.2633333333333333,0.3249999999999999,0.611814345991561,0.5648148148148151,0.7616099071207433,0.650909090909091,0.6210045662100456,0.6348314606741572,0.6725663716814159,0.5159010600706714,0.7499999999999998,0.5873015873015873,0.5232067510548524,0.5899999999999999,0.6290322580645162,0.5823293172690762,0.783653846153846,9,13-1041.00,Compliance Officer,Business Management & Strategy,74,68,54,66,70,92,66,72,76,62,Senior Compliance Officer,Chief Compliance Officer (CCO),Legal Consultant,Regulatory Affairs Director,Risk Management VP,Keep companies on the right track—be the rule-keeper with a sharp eye!
13-1051.00,Cost Estimators,0.680687637161668,0.1344086021505375,0.625920471281296,0.6863062479766915,0.0334168755221387,0.7252173913043478,0.6242653232577667,0.8176397515527951,0.6362264150943394,0.6789492885808098,0.5334139703658907,0.3311751375849786,0.0,0.5789642972016726,0.6865040650406504,0.7063004846526656,0.0083333333333333,0.8951310861423221,0.6183333333333334,0.375,0.35,0.1099999999999999,0.5400843881856539,0.4305555555555558,0.8018575851393192,0.1563636363636363,0.5022831050228311,0.5393258426966292,0.4999999999999998,0.4770318021201415,0.7268518518518519,0.4603174603174603,0.5358649789029537,0.27,0.3774193548387096,0.5261044176706826,0.40865384615384603,10,13-1051.00,Cost Estimator,Business Management & Strategy,66,62,48,64,60,84,62,66,68,60,Senior Cost Estimator,Construction Project Director,Financial Controller,Real Estate Developer,Cost Management Consultant,Crunch numbers to build skyscrapers—your math makes mega-projects happen!
13-1081.00,Logisticians,0.7995610826627652,0.3397849462365592,0.7263622974963182,0.6474587245063126,0.0,0.5247826086956522,0.586062132661629,0.6295652173913044,0.6656603773584905,0.6789492885808098,0.7444814030843665,0.6024603431531238,0.0,0.6175619170151174,0.7021138211382114,0.6652665589660743,0.0083333333333333,0.7340823970037453,0.6833333333333331,0.4716666666666667,0.2316666666666666,0.225,0.6202531645569618,0.6250000000000002,0.7678018575851394,0.5309090909090909,0.6940639269406392,0.8146067415730336,0.7699115044247786,0.6148409893992933,0.8657407407407407,0.761904761904762,0.628691983122363,0.605,0.5709677419354837,0.7028112449799195,0.5048076923076923,12,13-1081.00,Supply Chain Analyst,Sales & Marketing,70,66,56,68,62,90,70,64,70,54,Senior Supply Chain Analyst,Supply Chain Director,Logistics Startup Founder,Operations VP,Procurement Executive,Keep goods flowing smoothly—solve logistics puzzles like a supply chain wizard!
13-1081.01,Logistics Engineers,0.758961228968544,0.3623655913978495,0.8515463917525774,0.6591129815474261,0.136730715678084,0.6715217391304349,0.6393786733837113,0.7674534161490685,0.6656603773584905,0.6789492885808098,0.702449349863925,0.6150857882809967,0.0,0.6387906079125121,0.7834146341463415,0.762843295638126,0.01,0.7621722846441947,0.4316666666666666,0.7433333333333333,0.5,0.035,0.5949367088607593,0.6064814814814816,0.8761609907120743,0.2909090909090909,0.54337899543379,0.584269662921348,0.6238938053097343,0.6431095406360426,0.7916666666666663,0.5492063492063491,0.5696202531645571,0.47,0.3258064516129032,0.5983935742971886,0.46153846153846145,30,13-1081.01,Logistician,Finance & Investment,68,64,54,66,60,88,68,64,66,56,Senior Logistician,Logistics Director,Supply Chain Consultant,Transportation CEO,Freight Operations VP,Move stuff across the world—master the art of getting things there!
13-1111.00,Management Analysts,0.758961228968544,0.1666666666666666,0.8247422680412371,0.6591129815474261,0.0,0.5078260869565218,0.5155331654072209,0.5595031055900622,0.6826415094339621,0.778547975191536,0.6797701844572119,0.6179993525412754,0.0,0.3441621100032165,0.7411382113821139,0.7870759289176089,0.0966666666666667,0.8370786516853934,0.6266666666666666,0.7433333333333333,0.0966666666666667,0.295,0.6962025316455693,0.8472222222222221,0.8823529411764707,0.6,0.8493150684931505,0.893258426966292,0.8672566371681412,0.7491166077738517,0.8657407407407407,0.8444444444444447,0.7510548523206753,0.7850000000000001,0.7129032258064516,0.8112449799196788,0.5817307692307692,1,13-1111.00,Management Analyst,Business Management & Strategy,76,70,60,84,56,90,78,64,70,50,Senior Management Analyst,Chief Operating Officer (COO),Management Consulting Partner,Strategy Director,Entrepreneur (Business Solutions Firm),Unravel business puzzles and boost efficiency—be the brain behind top companies’ success!
13-1121.00,"Meeting, Convention, and Event Planners",0.6876371616678859,0.4209677419354839,0.8026509572901326,0.5011330527678859,0.4107490949596212,0.5,0.5533165407220825,0.5416149068322982,0.6509433962264147,0.6931776723823418,0.7462957363169036,0.5636128196827451,0.3346080305927342,0.5789642972016726,0.7265040650406502,0.7744749596122779,0.2399999999999999,0.6760299625468165,1.0,0.0716666666666666,0.0,0.5866666666666667,0.6455696202531642,0.9351851851851852,0.6315789473684211,0.7236363636363637,0.8767123287671237,0.9269662921348316,0.747787610619469,0.7738515901060073,0.7453703703703705,0.6952380952380953,0.6919831223628694,0.8599999999999999,0.864516129032258,0.93574297188755,0.6105769230769229,8,13-1121.00,Event Planner,Business Management & Strategy,60,56,44,60,50,80,60,58,56,56,Senior Event Planner,Event Management Firm CEO,Corporate Events Director,Hospitality Entrepreneur,Marketing Campaign Director,Plan epic parties and grand launches—bring ideas to life with flair and fun!
13-1141.00,"Compensation, Benefits, and Job Analysis Specialists",0.6543525969275786,0.2865591397849462,0.6038291605301915,0.4826804791194561,0.1158451684767474,0.5326086956521738,0.4445843828715367,0.5788819875776398,0.6045283018867925,0.6789492885808098,0.5814938010281223,0.4532211071544189,0.0,0.3055644901897716,0.6991869918699187,0.5932148626817447,0.0466666666666666,0.8052434456928839,0.6849999999999999,0.4166666666666667,0.0716666666666666,0.3783333333333334,0.7088607594936707,0.7592592592592593,0.8823529411764707,0.5454545454545455,0.6757990867579908,0.7415730337078652,0.747787610619469,0.6466431095406361,0.902777777777778,0.653968253968254,0.6455696202531647,0.6699999999999999,0.5161290322580645,0.6184738955823292,0.6057692307692306,3,13-1141.00,Business Analyst,Business Management & Strategy,72,68,64,80,58,92,74,66,68,52,Senior Business Analyst,Chief Information Officer (CIO),Strategy Consultant,Business Intelligence Director,Startup COO,Dive into data and decode trends—turn numbers into winning strategies for businesses!
13-1161.00,Market Research Analysts and Marketing Specialists,0.773226042428676,0.3067204301075269,0.8762886597938144,0.6989316931045644,0.0334168755221387,0.6152173913043478,0.586062132661629,0.6481987577639753,0.6792452830188681,0.7205399489237506,0.673722407015422,0.4930398187115571,0.0,0.4027018333869411,0.7508943089430895,0.8113085621970922,0.2599999999999999,0.5543071161048689,0.7533333333333333,0.6000000000000001,0.0116666666666666,0.2466666666666666,0.6202531645569618,0.7268518518518519,0.9876160990712076,0.3527272727272729,0.5616438356164384,0.803370786516854,0.7566371681415927,0.6890459363957598,0.8101851851851849,0.5396825396825399,0.649789029535865,0.24,0.3677419354838709,0.5662650602409638,0.6249999999999998,20,13-1161.00,Market Research Analyst,Sales & Marketing,72,66,60,78,60,90,70,66,68,54,Senior Market Research Analyst,Chief Insights Officer,Market Research Firm CEO,Consumer Behavior Consultant,Strategy Planning Director,Sniff out what people want—turn insights into gold for businesses!
13-1199.06,Online Merchants,0.531089978054133,0.4411290322580646,0.6153166421207659,0.4172871479443185,0.1158451684767474,0.5247826086956522,0.4676742233417296,0.5900621118012424,0.4452830188679243,0.5107624954396207,0.4950105836105232,0.3803820006474586,0.0,0.4065615953682857,0.608130081300813,0.612924071082391,0.0966666666666667,0.8595505617977528,0.81,0.0833333333333332,0.2233333333333333,0.2283333333333333,0.5400843881856539,0.6018518518518521,0.6656346749226006,0.4654545454545454,0.4977168949771688,0.6516853932584268,0.7389380530973448,0.6855123674911662,0.5925925925925926,0.596825396825397,0.6708860759493671,0.365,0.4870967741935483,0.4578313253012047,0.596153846153846,5,13-1199.06,Business Development Associate,Business Management & Strategy,70,66,60,76,54,88,70,62,60,48,Senior Business Development Manager,VP of Sales,Entrepreneur (Sales Firm),Strategic Partnerships Director,Chief Revenue Officer (CRO),Seal deals and grow companies—your charm and hustle open doors to big opportunities!
13-2011.00,Accountants and Auditors,0.7567666422823701,0.2798387096774194,0.6215022091310751,0.6170281644545159,0.0529100529100528,0.7121739130434783,0.6721242653232581,0.82360248447205,0.5860377358490566,0.6844217438890917,0.576050801330511,0.5577856911621882,0.0,0.350273399807012,0.7128455284552846,0.735702746365105,0.015,1.0,0.4766666666666667,0.4283333333333333,0.0233333333333333,0.1883333333333333,0.5864978902953584,0.5231481481481481,0.8266253869969044,0.3672727272727271,0.6210045662100456,0.8146067415730336,0.6371681415929202,0.4204946996466431,0.9490740740740736,0.5333333333333333,0.6371308016877637,0.4949999999999999,0.5451612903225806,0.6586345381526102,0.44711538461538436,22,13-2011.00,Chartered Accountant (CA),Finance & Investment,96,80,60,76,80,96,80,70,84,64,Senior Chartered Accountant,Chief Financial Officer (CFO),Accounting Firm Partner,Financial Consultant,Tax Policy Advisor,Master money and taxes—be the financial hero every company trusts!
13-2052.00,Personal Financial Advisors,0.7688368690563275,0.2620967741935484,0.6553755522827689,0.6202654580770475,0.0,0.6630434782608696,0.6775818639798491,0.80472049689441,0.6226415094339622,0.7205399489237506,0.5588146356214092,0.5046940757526707,0.0,0.2061756191701513,0.7138211382113819,0.762843295638126,0.1233333333333333,0.7340823970037453,0.8133333333333332,0.3616666666666667,0.0,0.5333333333333333,0.7299578059071727,0.5277777777777779,0.7832817337461301,0.7454545454545455,0.6210045662100456,0.8314606741573036,0.6592920353982299,0.3780918727915195,0.9999999999999998,0.6222222222222223,0.628691983122363,0.5899999999999999,0.5354838709677419,0.6024096385542168,0.4182692307692306,25,13-2052.00,Financial Planner,Finance & Investment,76,72,64,74,64,90,72,68,70,56,Senior Financial Planner,Wealth Management Director,Financial Advisory Firm Founder,Investment Strategist,Personal Finance Author,Plan wealthy futures—help people grow rich with your money magic!
13-2061.00,Financial Examiners,0.8302852962692026,0.2524193548387097,0.6153166421207659,0.723211395273551,0.0334168755221387,0.6334782608695653,0.7279596977329975,0.6668322981366459,0.6928301886792453,0.7927763589930682,0.5697006350166316,0.6150857882809967,0.0,0.3544548086201352,0.8321951219512196,0.7744749596122779,0.0,0.842696629213483,0.6183333333333334,0.4233333333333333,0.0,0.2833333333333333,0.5443037974683542,0.5416666666666667,0.907120743034056,0.2872727272727272,0.7214611872146119,0.6573033707865168,0.5265486725663715,0.2685512367491167,0.8518518518518514,0.6634920634920637,0.4852320675105486,0.6099999999999999,0.5483870967741935,0.5140562248995983,0.23076923076923084,26,13-2061.00,Risk Analyst,Finance & Investment,74,70,60,76,66,92,74,66,74,54,Senior Risk Analyst,Chief Risk Officer (CRO),Risk Management Consultant,Insurance Executive,Financial Regulator,Spot dangers and save fortunes—be the guardian of financial safety!
13-2071.00,Credit Counselors,0.6400877834674471,0.3091397849462366,0.6612665684830634,0.5665263839430235,0.149262043998886,0.5260869565217392,0.3979848866498742,0.6012422360248448,0.6226415094339622,0.696461145567311,0.5442999697611128,0.5224991906765942,0.0,0.2843357992923771,0.6747967479674797,0.7063004846526656,0.1333333333333333,0.7116104868913857,0.6216666666666667,0.27,0.0,0.6416666666666667,0.7383966244725737,0.7916666666666672,0.7894736842105264,0.8836363636363634,0.762557077625571,0.8651685393258424,0.6902654867256637,0.5653710247349825,0.9814814814814812,0.5904761904761907,0.5611814345991561,0.8449999999999998,0.6290322580645162,0.779116465863454,0.6057692307692306,27,13-2071.00,Credit Analyst,Finance & Investment,72,68,58,72,64,90,70,68,72,56,Senior Credit Analyst,Credit Risk Director,Banking Executive,Financial Risk Consultant,Loan Portfolio Manager,Check loans and crunch risks—keep banks booming with your sharp skills!
13-2082.00,Tax Preparers,0.6068032187271396,0.3397849462365592,0.5569955817378498,0.4341210747814827,0.2550821498189919,0.5628260869565218,0.7279596977329975,0.6611180124223603,0.5909433962264151,0.5381247719810288,0.4832174175990325,0.294269990288119,0.0,0.236088774525571,0.6747967479674797,0.4911147011308562,0.0,0.9288389513108616,0.4216666666666667,0.2266666666666666,0.1616666666666666,0.2366666666666666,0.6160337552742614,0.5648148148148151,0.718266253869969,0.5381818181818182,0.6073059360730593,0.7191011235955056,0.4999999999999998,0.3003533568904595,0.9166666666666669,0.3301587301587302,0.5738396624472575,0.7250000000000001,0.4516129032258064,0.6746987951807226,0.34134615384615374,29,13-2082.00,Real Estate Appraiser,Finance & Investment,70,64,52,64,62,86,66,66,68,60,Senior Real Estate Appraiser,Real Estate Valuation Director,Property Investment Advisor,Real Estate Firm CEO,Urban Development Analyst,Value homes and land—be the price-setter in the property game!
15-1212.00,Information Security Analysts,0.7446964155084125,0.4306451612903226,0.6480117820324007,0.6591129815474261,0.3068783068783068,0.4541304347826087,0.6242653232577667,0.422360248447205,0.6509433962264147,0.6151039766508574,0.5814938010281223,0.6024603431531238,0.0327779295274515,0.5226761016403989,0.7138211382113819,0.735702746365105,0.0533333333333333,0.842696629213483,0.3033333333333333,0.7383333333333334,0.435,0.1716666666666666,0.6286919831223627,0.7083333333333335,0.8266253869969044,0.5127272727272728,0.671232876712329,0.7359550561797752,0.6902654867256637,0.6431095406360426,0.7824074074074072,0.6603174603174603,0.628691983122363,0.565,0.5419354838709678,0.5863453815261044,0.5480769230769229,35,15-1212.00,Cybersecurity Analyst,Technology Development,84,80,86,80,68,94,80,58,76,52,Senior Cybersecurity Analyst,Chief Information Security Officer (CISO),Cybersecurity Consultant,Security Software Founder,IT Risk Director,Defend against hackers—be the digital shield in a tech war!
15-1221.00,Computer and Information Research Scientists,0.8588149231894661,0.5370967741935484,0.8621502209131076,0.7348656523146646,0.3302701197438039,0.6393478260869566,0.6393786733837113,0.6708074534161491,0.7075471698113206,0.7479022254651585,0.8152403991533113,0.5878925218517318,0.0,0.6950788034737858,0.7118699186991868,0.7305331179321487,0.3099999999999999,0.5880149812734081,0.2366666666666666,1.0,0.49,0.1733333333333333,0.6244725738396624,0.550925925925926,0.8792569659442727,0.3563636363636363,0.6210045662100456,0.2808988764044944,0.579646017699115,0.7208480565371026,0.4907407407407407,0.5650793650793652,0.4894514767932489,0.0499999999999998,0.4419354838709677,0.465863453815261,0.6105769230769229,46,15-1221.00,Computer Research Scientist,Technology Design & Research,88,80,80,74,68,96,80,60,76,54,Senior Research Scientist,Chief Technology Officer (CTO),AI Lab Director,Tech Innovator Founder,Professor of Computer Science,Push tech’s frontiers—dream up the next big digital breakthrough!
15-1242.00,Database Administrators,0.7446964155084125,0.2717741935483871,0.6612665684830634,0.631919715118161,0.239766081871345,0.5260869565217392,0.5696893366918557,0.5714285714285715,0.6045283018867925,0.5654870485224371,0.6041729664348352,0.5519585626416313,0.0327779295274515,0.5789642972016726,0.6865040650406504,0.6342487883683358,0.05,0.9194756554307116,0.3099999999999999,0.6266666666666666,0.2833333333333333,0.2133333333333333,0.5105485232067508,0.5324074074074074,0.6470588235294118,0.3636363636363636,0.54337899543379,0.4325842696629216,0.5486725663716812,0.5229681978798587,0.6018518518518516,0.4190476190476191,0.620253164556962,0.375,0.4967741935483871,0.4979919678714859,0.3701923076923075,39,15-1242.00,Robotics Software Developer,Technology Development,86,82,86,80,64,96,82,58,76,48,Senior Robotics Developer,Robotics Division Head,Tech Startup Founder,Automation Consultant,AI Robotics Director,Program robots to rule—make machines dance to your code!
15-1253.00,Software Quality Assurance Analysts and Testers,0.731528895391368,0.3494623655913978,0.5923416789396172,0.6474587245063126,0.3519910888331941,0.4817391304347826,0.5533165407220825,0.4173913043478261,0.6362264150943394,0.6789492885808098,0.5588146356214092,0.6024603431531238,0.0,0.4692827275651335,0.7138211382113819,0.7240710823909532,0.1149999999999999,0.752808988764045,0.095,0.7933333333333333,0.4666666666666667,0.0883333333333332,0.5738396624472573,0.7685185185185184,0.8637770897832816,0.4,0.7716894977168951,0.6348314606741572,0.6150442477876106,0.6042402826855123,0.7314814814814812,0.4952380952380953,0.7130801687763715,0.5149999999999999,0.3838709677419354,0.5823293172690762,0.4230769230769229,37,15-1253.00,Cloud Engineer,Technology Development,80,80,90,80,66,94,80,60,76,50,Senior Cloud Engineer,Cloud Infrastructure Director,Tech Firm CTO,Cloud Solutions Consultant,SaaS Startup Founder,Rule the skies of tech—store the world’s data in the cloud!
15-1254.00,Web Developers,0.7008046817849306,0.571236559139785,0.6880706921944035,0.4739397863386205,0.3620161514898357,0.5104347826086957,0.6011754827875736,0.5279503105590063,0.5566037735849058,0.4742794600510763,0.6404596310855761,0.4804143735836838,0.0,0.6658089417819235,0.6039024390243903,0.5269789983844911,0.345,0.6423220973782773,0.315,0.6766666666666666,0.3249999999999999,0.2066666666666667,0.5316455696202529,0.6250000000000002,0.7430340557275542,0.1818181818181817,0.4474885844748859,0.50561797752809,0.6017699115044246,0.7208480565371026,0.5185185185185184,0.3206349206349207,0.6835443037974684,0.1899999999999999,0.2612903225806451,0.6024096385542168,0.46634615384615374,38,15-1254.00,Web Developer,Technology Development,76,74,84,78,60,94,76,62,72,52,Senior Web Developer,Web Development Director,Digital Agency Founder,Full-Stack Architect,E-Commerce Tech Lead,Design websites that wow—spin the web everyone surfs daily!
15-1255.01,Video Game Designers,0.6543525969275786,0.4967741935483871,0.9116347569955818,0.5908060861120104,0.3620161514898357,0.4817391304347826,0.7128463476070531,0.5505590062111801,0.5909433962264151,0.6019700839109815,0.8720895071061385,0.5224991906765942,0.0,0.7076230299131554,0.6904065040650407,0.7240710823909532,0.9033333333333332,0.4138576779026218,0.5033333333333333,0.5166666666666667,0.2799999999999999,0.225,0.7637130801687761,0.837962962962963,0.7368421052631581,0.3272727272727272,0.7488584474885847,0.49438202247191,0.7566371681415927,0.8374558303886926,0.0740740740740741,0.5174603174603175,0.7383966244725739,0.0699999999999998,0.5032258064516129,0.678714859437751,0.31730769230769207,40,15-1255.01,AR/VR Developer,Technology Development,80,78,88,80,62,94,80,56,74,50,Senior AR/VR Developer,AR/VR Product Director,Immersive Tech Founder,Gaming Studio Head,Metaverse Architect,Create wild virtual worlds—bring dreams to life with goggles on!
15-1255.01,Video Game Designers,0.6543525969275786,0.4967741935483871,0.9116347569955818,0.5908060861120104,0.3620161514898357,0.4817391304347826,0.7128463476070531,0.5505590062111801,0.5909433962264151,0.6019700839109815,0.8720895071061385,0.5224991906765942,0.0,0.7076230299131554,0.6904065040650407,0.7240710823909532,0.9033333333333332,0.4138576779026218,0.5033333333333333,0.5166666666666667,0.2799999999999999,0.225,0.7637130801687761,0.837962962962963,0.7368421052631581,0.3272727272727272,0.7488584474885847,0.49438202247191,0.7566371681415927,0.8374558303886926,0.0740740740740741,0.5174603174603175,0.7383966244725739,0.0699999999999998,0.5032258064516129,0.678714859437751,0.31730769230769207,98,15-1255.01,Video Game Designer,Creative & Media Arts,76,72,80,72,56,90,74,60,62,54,Senior Game Designer,Game Studio CEO,Interactive Media Director,Game Tech Founder,Creative Director (Gaming),Craft gaming thrills—build worlds players adore!
15-1299.08,Computer Systems Engineers/Architects,0.7282370153621068,0.4061827956989247,0.7484536082474227,0.6202654580770475,0.2614870509607351,0.5543478260869565,0.586062132661629,0.6109316770186336,0.6792452830188681,0.6483035388544326,0.8358028424553978,0.6296536095823891,0.0,0.5886137021550337,0.7138211382113819,0.8113085621970922,0.1616666666666666,0.7041198501872659,0.3016666666666666,0.7949999999999999,0.555,0.1733333333333333,0.7341772151898733,0.7453703703703705,0.8978328173374613,0.3090909090909092,0.54337899543379,0.589887640449438,0.721238938053097,0.8798586572438164,0.6157407407407407,0.6507936507936508,0.767932489451477,0.4599999999999999,0.4548387096774193,0.6867469879518071,0.5721153846153846,44,15-1299.08,IT Project Coordinator,Technology Design & Research,70,68,64,72,66,90,72,64,72,56,Senior IT Project Manager,Chief Information Officer (CIO),IT Consulting Partner,Program Management Director,Tech Operations VP,Lead tech teams to victory—make big IT projects happen flawlessly!
15-2011.00,Actuaries,0.8280907095830284,0.1344086021505375,0.6727540500736378,0.7348656523146646,0.0,0.8769565217391306,0.654492023509656,0.906335403726708,0.7075471698113206,0.7479022254651585,0.5787723011793167,0.5752670767238587,0.0,0.4027018333869411,0.7752845528455283,0.762843295638126,0.03,0.8576779026217227,0.4016666666666667,0.5733333333333334,0.1349999999999999,0.245,0.713080168776371,0.5740740740740742,0.9659442724458204,0.1309090909090908,0.3972602739726028,0.6404494382022472,0.6637168141592917,0.4840989399293286,0.8333333333333333,0.5111111111111112,0.5949367088607596,0.1499999999999999,0.2032258064516128,0.3333333333333332,0.39903846153846123,28,15-2011.00,Actuary,Finance & Investment,84,80,68,70,70,94,76,64,80,58,Senior Actuary,Chief Actuary,Insurance Company CEO,Risk Modeling Consultant,Financial Forecasting Director,Predict the future with math—turn numbers into insurance gold!
15-2041.00,Statisticians,0.8280907095830284,0.3868279569892473,0.6995581737849779,0.7474910974425379,0.0,0.9017391304347826,0.7279596977329975,0.9468322981366458,0.7358490566037735,0.7752645020065668,0.6268521318415483,0.4260278407251537,0.0,0.4985525892569959,0.7996747967479674,0.8481421647819062,0.1266666666666666,0.7996254681647941,0.1366666666666667,0.9383333333333334,0.1783333333333332,0.1149999999999999,0.6371308016877635,0.3981481481481481,0.8761609907120743,0.1818181818181817,0.5205479452054795,0.5505617977528092,0.4469026548672563,0.6077738515901062,0.7222222222222221,0.4222222222222221,0.6118143459915613,0.3199999999999998,0.3419354838709677,0.4377510040160641,0.533653846153846,34,15-2041.00,Machine Learning Engineer,Technology Development,88,86,90,84,64,96,84,56,78,46,Senior ML Engineer,AI Research Director,Tech Firm CTO,AI Startup Founder,Machine Learning Consultant,Teach machines to think—create AI that’s smarter than your smartphone!
15-2051.01,Business Intelligence Analysts,0.7688368690563275,0.2069892473118279,0.7263622974963182,0.6960181288442862,0.0,0.6067391304347827,0.4063811922753989,0.6385093167701864,0.6928301886792453,0.7336738416636265,0.6068944662836409,0.4134023955972806,0.0,0.3020263750402058,0.7782113821138212,0.8142164781906299,0.1583333333333333,0.7397003745318351,0.5766666666666667,0.7433333333333333,0.02,0.1466666666666666,0.6160337552742614,0.5833333333333335,0.9411764705882352,0.2909090909090909,0.5662100456621004,0.6516853932584268,0.7300884955752212,0.5653710247349825,0.6712962962962963,0.4793650793650795,0.7130801687763715,0.1149999999999999,0.3387096774193548,0.4257028112449799,0.5576923076923075,63,15-2051.01,Data Analyst,Science & Research,74,70,76,80,64,92,72,64,74,56,Senior Data Analyst,Chief Analytics Officer,Data Consulting Founder,Business Intelligence Director,Analytics Product Manager,Crack data codes—find secrets that boost businesses!
15-2051.02,Clinical Data Managers,0.7896854425749816,0.2962365591397849,0.6506627393225333,0.6086112010359337,0.1058201058201057,0.5982608695652174,0.629722921914358,0.6109316770186336,0.6509433962264147,0.6789492885808098,0.593286967039613,0.5519585626416313,0.0,0.3251849469282727,0.7265040650406502,0.7473344103392568,0.0249999999999999,0.9756554307116104,0.3833333333333333,0.7849999999999999,0.0483333333333333,0.2583333333333332,0.6160337552742614,0.4907407407407409,0.7213622291021672,0.3818181818181817,0.6118721461187218,0.5786516853932584,0.5575221238938051,0.4487632508833922,0.7453703703703705,0.6761904761904763,0.6118143459915613,0.2949999999999999,0.5516129032258064,0.5783132530120481,0.2932692307692306,77,15-2051.02,Clinical Data Analyst,Healthcare & Wellness,76,70,72,76,66,92,74,62,74,56,Senior Clinical Data Analyst,Health Informatics Director,Clinical Research Consultant,Healthcare Analytics Founder,Hospital Data Officer,Crunch health numbers—make medicine smarter and sharper!
17-1011.00,"Architects, Except Landscape and Naval",0.8412582297000731,0.4271505376344087,0.9098674521354932,0.6591129815474261,0.341130604288499,0.5954347826086958,0.7405541561712848,0.7209937888198757,0.7222641509433959,0.7621306092666907,0.8838826731176292,0.6510197474910974,0.0,1.0,0.7391869918699188,0.7744749596122779,0.5916666666666667,0.4606741573033707,0.4083333333333333,0.53,0.7016666666666667,0.2516666666666666,0.6793248945147676,0.6527777777777777,0.8606811145510836,0.5854545454545453,0.8036529680365296,0.707865168539326,0.7920353982300883,0.6996466431095406,0.712962962962963,0.6920634920634922,0.6919831223628694,0.4249999999999998,0.5516129032258064,0.7389558232931726,0.44711538461538436,50,17-1011.00,Architect,Engineering: Built Environment,84,74,58,62,64,86,76,64,70,58,Senior Architect,Architectural Firm Partner,Real Estate Developer,Design Director,Sustainable Architecture Consultant,Draft dream buildings—design homes and towers that stun!
17-2011.00,Aerospace Engineers,0.8138258961228967,0.396505376344086,0.7731958762886597,0.671738426675299,0.0,0.7480434782608697,0.6242653232577667,0.693416149068323,0.690566037735849,0.7172564757387815,0.7408527366192923,0.6024603431531238,0.0,0.6719202315857189,0.8386991869918698,0.8084006462035541,0.2416666666666666,0.5561797752808988,0.2633333333333333,0.8566666666666664,0.7283333333333333,0.0466666666666666,0.6708860759493669,0.6620370370370372,0.8482972136222912,0.2618181818181818,0.4931506849315068,0.5337078651685392,0.654867256637168,0.7385159010600709,0.4814814814814814,0.4952380952380953,0.628691983122363,0.135,0.3483870967741935,0.6586345381526102,0.48076923076923084,59,17-2011.00,Aerospace Engineer,Engineering: Advanced Systems,88,78,66,68,66,84,78,58,72,54,Senior Aerospace Engineer,Aerospace Program Director,Aviation Startup Founder,Aerospace Consultant,Space Tech Innovator,Rocket to the stars—design planes and spacecraft that soar!
17-2031.00,Bioengineers and Biomedical Engineers,0.8445501097293345,0.5145161290322581,0.7837997054491899,0.7474910974425379,0.341130604288499,0.7239130434782608,0.6624685138539045,0.7031055900621118,0.7358490566037735,0.7314848595403137,0.9038403386755368,0.6636451926189703,0.0,0.7909295593438403,0.8152845528455284,0.784168012924071,0.2166666666666667,0.3970037453183521,0.0966666666666667,1.0,0.7616666666666666,0.3183333333333332,0.7763713080168775,0.5416666666666667,0.8049535603715171,0.4654545454545454,0.7397260273972601,0.6067415730337076,0.747787610619469,0.7950530035335689,0.8287037037037035,0.4920634920634922,0.767932489451477,0.3799999999999999,0.3806451612903225,0.4176706827309235,0.4759615384615383,60,17-2031.00,Biomedical Engineer,Engineering: Advanced Systems,84,74,64,70,64,86,76,60,70,56,Senior Biomedical Engineer,Medical Device CEO,Health Tech Innovator,Biomedical Consultant,Hospital Tech Director,Heal with tech—create gadgets that save lives!
17-2051.00,Civil Engineers,0.8280907095830284,0.3413978494623656,0.8247422680412371,0.6474587245063126,0.0,0.7480434782608697,0.654492023509656,0.7763975155279504,0.7358490566037735,0.7752645020065668,0.702449349863925,0.6636451926189703,0.0,0.8559022193631394,0.7996747967479674,0.762843295638126,0.1916666666666666,0.5561797752808988,0.3166666666666666,0.6849999999999999,0.8933333333333332,0.1316666666666666,0.5358649789029533,0.4537037037037037,0.8080495356037153,0.3090909090909092,0.4109589041095891,0.707865168539326,0.6238938053097343,0.5477031802120144,0.8009259259259258,0.5555555555555557,0.4894514767932489,0.4499999999999999,0.3612903225806452,0.5220883534136544,0.3653846153846152,48,17-2051.00,Civil Engineer,Engineering: Built Environment,80,72,56,64,70,80,74,64,76,60,Senior Civil Engineer,Infrastructure Project Director,Construction Firm CEO,Civil Engineering Consultant,Urban Planning Director,Build bridges and cities—shape India’s skyline with your designs!
17-2051.01,Transportation Engineers,0.8138258961228967,0.2419354838709677,0.8247422680412371,0.6843638718031724,0.1392369813422443,0.7154347826086958,0.654492023509656,0.7990062111801243,0.7075471698113206,0.7479022254651585,0.6797701844572119,0.6510197474910974,0.0,0.8559022193631394,0.7752845528455283,0.7744749596122779,0.1783333333333332,0.5711610486891385,0.3400000000000001,0.6366666666666667,0.7616666666666666,0.16,0.5611814345991559,0.5231481481481481,0.7739938080495355,0.2909090909090909,0.6484018264840186,0.4662921348314603,0.6238938053097343,0.4770318021201415,0.8101851851851849,0.5174603174603175,0.4008438818565401,0.2249999999999998,0.2903225806451612,0.3975903614457832,0.21153846153846145,53,17-2051.01,Transportation Engineer,Engineering: Built Environment,78,70,54,62,70,80,72,64,76,62,Senior Transportation Engineer,Transportation Authority Director,Infrastructure Consultant,Transit System CEO,Smart Mobility Innovator,Keep India moving—build roads and rails for the future!
17-2061.00,Computer Hardware Engineers,0.758961228968544,0.5161290322580646,0.7110456553755522,0.6591129815474261,0.4007240323029796,0.5430434782608695,0.5533165407220825,0.6109316770186336,0.7075471698113206,0.6789492885808098,0.7553674024795889,0.5636128196827451,0.0,0.720167256352525,0.7508943089430895,0.7179321486268174,0.1399999999999999,0.6779026217228465,0.1466666666666666,0.7733333333333333,0.7983333333333333,0.1316666666666666,0.6075949367088607,0.3981481481481481,0.8513931888544891,0.2109090909090908,0.5296803652968038,0.3426966292134832,0.6150442477876106,0.7844522968197879,0.4907407407407407,0.4063492063492064,0.5822784810126584,0.2349999999999998,0.2451612903225807,0.465863453815261,0.38942307692307665,58,17-2061.00,Electrical Engineer,Engineering: Advanced Systems,82,74,62,72,70,82,76,60,76,56,Senior Electrical Engineer,Power Systems Director,Electronics Firm CEO,Energy Consultant,Smart Grid Innovator,Light up the world—wire cities with electric magic!
17-2081.00,Environmental Engineers,0.758961228968544,0.2069892473118279,0.8141384388807069,0.6960181288442862,0.0,0.6230434782608696,0.6078925272879935,0.693416149068323,0.6928301886792453,0.7074060561838745,0.8082854550952527,0.5878925218517318,0.0,0.6426503698938564,0.7899186991869918,0.8355411954765751,0.1733333333333333,0.4925093632958802,0.35,0.8516666666666667,0.6916666666666667,0.2016666666666666,0.5232067510548521,0.4814814814814816,0.7461300309597524,0.4363636363636364,0.6255707762557077,0.5393258426966292,0.4601769911504423,0.4911660777385159,0.8101851851851849,0.4761904761904761,0.4599156118143461,0.3399999999999998,0.3483870967741935,0.4538152610441766,0.2980769230769229,54,17-2081.00,Water Resources Engineer,Engineering: Built Environment,76,68,52,60,72,80,70,66,78,64,Senior Water Engineer,Water Management Director,Environmental Firm Founder,Hydrology Consultant,Infrastructure Policy Advisor,Control water’s flow—save droughts and floods with your genius!
17-2081.00,Environmental Engineers,0.758961228968544,0.2069892473118279,0.8141384388807069,0.6960181288442862,0.0,0.6230434782608696,0.6078925272879935,0.693416149068323,0.6928301886792453,0.7074060561838745,0.8082854550952527,0.5878925218517318,0.0,0.6426503698938564,0.7899186991869918,0.8355411954765751,0.1733333333333333,0.4925093632958802,0.35,0.8516666666666667,0.6916666666666667,0.2016666666666666,0.5232067510548521,0.4814814814814816,0.7461300309597524,0.4363636363636364,0.6255707762557077,0.5393258426966292,0.4601769911504423,0.4911660777385159,0.8101851851851849,0.4761904761904761,0.4599156118143461,0.3399999999999998,0.3483870967741935,0.4538152610441766,0.2980769230769229,55,17-2081.00,Environmental Engineer,Engineering: Built Environment,78,70,58,66,68,82,72,64,74,62,Senior Environmental Engineer,Chief Sustainability Engineer,Green Tech Startup Founder,Environmental Consultant,Climate Policy Director,Clean up the planet—engineer a greener
17-2112.00,Industrial Engineers,0.7446964155084125,0.2865591397849462,0.6880706921944035,0.671738426675299,0.0334168755221387,0.5508695652173914,0.586062132661629,0.6206211180124224,0.6509433962264147,0.7074060561838745,0.657091019050499,0.5636128196827451,0.1037967768369297,0.6908973946606627,0.7391869918699188,0.7870759289176089,0.1083333333333332,0.702247191011236,0.42,0.6466666666666666,0.6166666666666667,0.0666666666666666,0.721518987341772,0.7268518518518519,0.777089783281734,0.4909090909090908,0.6484018264840186,0.6910112359550564,0.6460176991150439,0.7385159010600709,0.6898148148148147,0.6952380952380953,0.7046413502109705,0.6499999999999999,0.4516129032258064,0.6827309236947792,0.7067307692307689,56,17-2112.00,Industrial Engineer,Engineering: Built Environment,74,68,56,68,66,84,70,64,72,60,Senior Industrial Engineer,Manufacturing Director,Operations Consultant,Factory Automation CEO,Supply Chain Optimizer,Streamline factories—make production fast
17-2141.00,Mechanical Engineers,0.797366495976591,0.4862903225806452,0.7378497790868925,0.631919715118161,0.2043998886104149,0.7480434782608697,0.6393786733837113,0.7724223602484473,0.7222641509433959,0.6344399854067858,0.702449349863925,0.5752670767238587,0.0,0.7764554519137987,0.7752845528455283,0.6048465266558966,0.1999999999999999,0.5599250936329587,0.1266666666666666,0.7166666666666667,0.933333333333333,0.0166666666666666,0.5949367088607593,0.7175925925925928,0.9318885448916412,0.4145454545454546,0.7351598173515983,0.713483146067416,0.566371681415929,0.9752650176678443,0.7453703703703705,0.7111111111111111,0.658227848101266,0.48,0.5387096774193547,0.606425702811245,0.5769230769230766,57,17-2141.00,Mechanical Engineer,Engineering: Advanced Systems,80,72,60,70,68,80,74,62,74,58,Senior Mechanical Engineer,Engineering Division Head,Product Design Firm Founder,Automotive Consultant,Energy Systems Director,Power machines to life—build engines that roar and roll!
17-2199.07,Photonics Engineers,0.8544257498171178,0.5467741935483872,0.8468335787923416,0.6960181288442862,0.5012531328320802,0.7565217391304349,0.6162888329135182,0.751552795031056,0.690566037735849,0.6982852973367385,0.8645297853039009,0.5458077047588216,0.0,0.7433258282405919,0.7996747967479674,0.7957996768982228,0.2883333333333333,0.4606741573033707,0.1199999999999999,0.8183333333333332,0.8033333333333332,0.0666666666666666,0.6202531645569618,0.5277777777777779,0.86687306501548,0.1163636363636363,0.3059360730593607,0.4382022471910112,0.3893805309734512,0.7491166077738517,0.537037037037037,0.3333333333333333,0.518987341772152,0.0649999999999999,0.0870967741935483,0.4618473895582329,0.2932692307692306,61,17-2199.07,Robotics Engineer,Engineering: Advanced Systems,86,76,68,72,66,84,80,58,74,54,Senior Robotics Engineer,Robotics Division Head,Automation Startup Founder,Robotics Consultant,AI Systems Director,Build robot buddies—engineer the future of automation!
17-2199.08,Robotics Engineers,0.8138258961228967,0.7623655913978495,0.8621502209131076,0.6960181288442862,0.6404901141743247,0.7480434782608697,0.6624685138539045,0.7120496894409939,0.7222641509433959,0.703028091937249,0.892047172664046,0.6665587568792487,0.0,0.9334191058218076,0.7996747967479674,0.7957996768982228,0.1349999999999999,0.544943820224719,0.1233333333333333,0.7983333333333333,0.85,0.0716666666666666,0.7510548523206746,0.6527777777777777,0.845201238390093,0.3818181818181817,0.6027397260273972,0.5505617977528092,0.7035398230088497,0.8197879858657245,0.6435185185185186,0.526984126984127,0.7383966244725739,0.395,0.3161290322580644,0.5903614457831325,0.46153846153846145,62,17-2199.08,Renewable Energy Engineer,Engineering: Advanced Systems,80,72,64,70,68,82,74,62,72,58,Senior Renewable Energy Engineer,Energy Sector CEO,Green Tech Founder,Sustainability Consultant,Power Grid Innovator,Harness sun and wind—power India with green energy!
17-2199.10,Wind Energy Engineers,0.7425018288222384,0.4637096774193548,0.6506627393225333,0.5791518290708966,0.0696184906711222,0.7041304347826088,0.4609571788413099,0.7142857142857144,0.5018867924528302,0.5490696825975921,0.6404596310855761,0.4260278407251537,0.0,0.7024766806046958,0.6822764227642277,0.6109854604200323,0.2033333333333333,0.4606741573033707,0.3533333333333334,0.59,0.8166666666666667,0.0716666666666666,0.7341772151898733,0.7777777777777779,0.8854489164086689,0.4145454545454546,0.6438356164383561,0.6460674157303372,0.7743362831858405,0.7526501766784454,0.7083333333333333,0.707936507936508,0.7299578059071732,0.5,0.4483870967741935,0.7349397590361444,0.6923076923076918,52,17-2199.10,Structural Engineer,Engineering: Built Environment,82,72,56,64,68,82,74,62,74,60,Senior Structural Engineer,Structural Design Director,Construction CEO,Engineering Consultant,Bridge Design Specialist,Make buildings stand tall—design bones for skyscrapers!
17-2199.11,Solar Energy Systems Engineers,0.758961228968544,0.3801075268817204,0.840942562592047,0.631919715118161,0.4062935115566694,0.6517391304347827,0.4991603694374477,0.6273291925465839,0.6132075471698114,0.6898941991973732,0.7444814030843665,0.6150857882809967,0.260038240917782,0.6272113219684785,0.7879674796747966,0.7870759289176089,0.185,0.4307116104868912,0.3416666666666667,0.6699999999999999,0.8283333333333331,0.1499999999999999,0.5780590717299576,0.6064814814814816,0.6687306501547988,0.4145454545454546,0.5616438356164384,0.601123595505618,0.4911504424778758,0.4346289752650177,0.6203703703703702,0.453968253968254,0.5949367088607596,0.1699999999999999,0.3064516129032258,0.5180722891566265,0.33173076923076916,49,17-2199.11,Urban Designer,Engineering: Built Environment,76,68,54,66,66,84,70,66,72,62,Senior Urban Designer,Chief Urban Planner,Urban Development Firm Founder,City Planning Director,Sustainable Cities Consultant,Plan awesome cities—turn chaos into cool urban vibes!
17-3031.00,Surveying and Mapping Technicians,0.5124359912216533,0.6766129032258066,0.5746686303387334,0.3625768857235352,0.544973544973545,0.6015217391304348,0.6851385390428212,0.5900621118012424,0.4347169811320753,0.4841298796059831,0.5334139703658907,0.4046617028164453,0.1939360830374214,0.6040527500804116,0.6130081300813008,0.4891760904684975,0.1516666666666666,0.7415730337078652,0.0,0.505,0.825,0.0,0.5105485232067508,0.4166666666666667,0.696594427244582,0.3127272727272726,0.5616438356164384,0.5786516853932584,0.3849557522123892,0.4098939929328623,0.5416666666666665,0.453968253968254,0.4472573839662448,0.2149999999999998,0.3548387096774194,0.4096385542168674,0.5480769230769229,51,17-3031.00,Surveyor,Engineering: Built Environment,70,64,50,60,62,76,66,64,68,60,Senior Surveyor,Land Surveying Firm Owner,Infrastructure Project Manager,Geospatial Analyst,Real Estate Consultant,Map the land—mark the spots where cities rise!
19-1013.00,Soil and Plant Scientists,0.8280907095830284,0.5161290322580646,0.7837997054491899,0.7445775331822595,0.3519910888331941,0.5586956521739131,0.6242653232577667,0.6012422360248448,0.7494339622641509,0.7752645020065668,0.8358028424553978,0.6005179669796047,0.3468997541655285,0.5403666773882276,0.8113821138211383,0.8355411954765751,0.185,0.3277153558052434,0.1199999999999999,0.9533333333333333,0.905,0.1133333333333333,0.6160337552742614,0.5601851851851853,0.8142414860681116,0.36,0.6301369863013702,0.5730337078651688,0.6637168141592917,0.6643109540636042,0.7777777777777775,0.6317460317460318,0.7130801687763715,0.4749999999999998,0.3774193548387096,0.3895582329317268,0.5576923076923075,71,19-1013.00,Food Technologist,Science & Research,72,64,62,66,66,84,68,64,72,60,Senior Food Technologist,Food Industry R&D Head,Food Startup Founder,Nutrition Consultant,Quality Assurance Director,Cook up food magic—make tasty science happen!
19-1021.00,Biochemists and Biophysicists,0.8412582297000731,0.5266129032258065,0.8910162002945508,0.8255098737455484,0.4207741576162628,0.7663043478260869,0.7279596977329975,0.7418633540372671,0.8671698113207545,0.8606348048157605,0.8645297853039009,0.623826481061832,0.0,0.6719202315857189,0.8809756097560975,0.953150242326333,0.2683333333333333,0.3651685393258427,0.1366666666666667,1.0,0.6833333333333331,0.1933333333333333,0.8902953586497886,0.7222222222222223,0.9690402476780188,0.3090909090909092,0.54337899543379,0.7752808988764044,0.8451327433628317,0.9257950530035336,0.976851851851852,0.5650793650793652,0.970464135021097,0.5699999999999998,0.3096774193548386,0.678714859437751,0.6057692307692306,64,19-1021.00,Biochemist,Science & Research,80,68,70,66,66,86,70,60,72,58,Senior Biochemist,Biotech Research Director,Pharma Startup Founder,Biochemistry Professor,Clinical Research Head,Mix potions for science—unlock life’s tiny mysteries!
19-1029.04,Biologists,0.8280907095830284,0.5405913978494624,0.7873343151693668,0.7717707996115246,0.3620161514898357,0.7069565217391305,0.6624685138539045,0.6206211180124224,0.7494339622641509,0.8026267785479752,0.6915633504687029,0.5584331498866947,0.2502048620595466,0.630106143454487,0.7996747967479674,0.8481421647819062,0.22,0.5318352059925093,0.3216666666666666,0.9949999999999998,0.5249999999999999,0.2599999999999999,0.4177215189873415,0.5370370370370372,0.8111455108359132,0.4,0.8036529680365296,0.48876404494382,0.6769911504424777,0.4946996466431096,0.787037037037037,0.6285714285714287,0.510548523206751,0.2749999999999999,0.4838709677419355,0.6104417670682729,0.40865384615384603,72,19-1029.04,Bioinformatics Analyst,Science & Research,82,72,74,70,64,90,74,60,74,58,Senior Bioinformatics Analyst,Genomics Research Director,Biotech Startup Founder,Bioinformatics Consultant,Health Data Scientist,Decode DNA riddles—blend biology with tech brilliance!
19-1031.00,Conservation Scientists,0.6543525969275786,0.4061827956989247,0.6880706921944035,0.4972483004208481,0.4207741576162628,0.5458695652173914,0.4676742233417296,0.6238509316770187,0.6679245283018868,0.6220357533746806,0.6679770184457214,0.497248300420848,0.4028953837749248,0.5519459633322612,0.7508943089430895,0.688529886914378,0.1616666666666666,0.4382022471910111,0.3633333333333333,0.7833333333333333,0.6933333333333334,0.3133333333333333,0.5443037974683542,0.4444444444444444,0.6904024767801858,0.4618181818181818,0.6027397260273972,0.6067415730337076,0.6415929203539821,0.4911660777385159,0.7175925925925923,0.5555555555555557,0.5907172995780592,0.3499999999999998,0.3516129032258064,0.3895582329317268,0.6249999999999998,105,19-1031.00,Wildlife Conservationist,Education & Social Impact,72,60,50,60,74,76,64,56,76,68,Senior Conservationist,Conservation Organization Head,Environmental Consultant,Wildlife Policy Advisor,Eco-Tourism Entrepreneur,Save tigers and trees—protect nature’s wild side!
19-1041.00,Epidemiologists,0.8719824433065108,0.2524193548387097,0.8868924889543446,0.8306895435415991,0.0334168755221387,0.6595652173913045,0.6242653232577667,0.693416149068323,0.8645283018867925,0.8522437066763952,0.84668884185062,0.7202978310132729,0.0,0.590543583145706,0.910569105691057,0.9163166397415184,0.1699999999999999,0.3764044943820224,0.2466666666666666,1.0,0.3633333333333333,0.505,0.6371308016877635,0.5277777777777779,0.9442724458204336,0.4545454545454545,0.671232876712329,0.6573033707865168,0.7964601769911503,0.7703180212014135,0.8194444444444444,0.6920634920634922,0.7299578059071732,0.155,0.4419354838709677,0.4417670682730923,0.6586538461538463,66,19-1041.00,Epidemiologist,Science & Research,82,70,66,64,70,88,72,56,76,62,Senior Epidemiologist,Public Health Director,Health Research Institute Head,Epidemiology Consultant,Global Health Advisor,Chase disease clues—keep the world healthy and safe!
19-2011.00,Astronomers,0.8588149231894661,0.3397849462365592,0.7952871870397644,0.7474910974425379,0.149262043998886,0.7930434782608696,0.7128463476070531,0.8288198757763975,0.7494339622641509,0.8190441444728201,0.7698820683398853,0.4930398187115571,0.0,0.6030878095850756,0.7996747967479674,0.859773828756058,0.3733333333333333,0.4325842696629213,0.165,1.0,0.6416666666666667,0.3016666666666666,0.8860759493670882,0.5601851851851853,0.972136222910217,0.1563636363636363,0.3972602739726028,0.3089887640449436,0.9424778761061944,0.8621908127208483,0.8101851851851849,0.5333333333333333,0.8227848101265824,0.0449999999999999,0.232258064516129,0.5461847389558232,0.8221153846153844,70,19-2011.00,Space Scientist,Science & Research,90,74,70,62,68,88,76,58,74,56,Senior Space Scientist,Space Agency Director,Aerospace Innovator,Space Tech Consultant,Astrophysics Professor,Explore the cosmos—send rockets to the stars!
19-2012.00,Physicists,0.9268471104608632,0.4209677419354839,1.0,0.820330203949498,0.0,0.954130434782609,0.6775818639798491,0.9751552795031057,0.8671698113207545,0.8879970813571688,1.0,0.6762706377468434,0.0,0.8391765841106467,0.9053658536585364,0.919870759289176,0.2933333333333333,0.5992509363295879,0.1366666666666667,1.0,0.6583333333333333,0.185,0.8438818565400843,0.3472222222222223,0.8359133126934984,0.1527272727272727,0.3561643835616437,0.3202247191011236,0.7699115044247786,0.9257950530035336,0.6203703703703702,0.5428571428571428,0.649789029535865,0.0799999999999998,0.1870967741935484,0.4016064257028111,0.6538461538461535,67,19-2012.00,Physicist,Science & Research,86,72,72,62,66,90,74,60,72,56,Senior Physicist,Research Institute Director,Physics Professor,Tech Innovation Consultant,Space Program Scientist,Bend the universe’s rules—solve physics’ wildest puzzles!
19-2041.00,"Environmental Scientists and Specialists, Including Health",0.7754206291148501,0.2865591397849462,0.6612665684830634,0.7076723858853997,0.2197159565580618,0.5586956521739131,0.4676742233417296,0.617639751552795,0.7675471698113209,0.7621306092666907,0.6404596310855761,0.6782130139203623,0.0682873531821906,0.4422643936957222,0.8269918699186993,0.8113085621970922,0.1316666666666666,0.5205992509363295,0.2633333333333333,1.0,0.6166666666666667,0.27,0.5864978902953584,0.6296296296296298,0.7894736842105264,0.5018181818181818,0.6529680365296804,0.5730337078651688,0.5973451327433628,0.3568904593639578,0.8148148148148147,0.5746031746031747,0.5358649789029537,0.47,0.4451612903225805,0.5582329317269077,0.533653846153846,65,19-2041.00,Environmental Scientist,Science & Research,76,66,64,68,68,84,68,62,74,60,Senior Environmental Scientist,Environmental Agency Director,Green Tech Consultant,Sustainability Director,Climate Research Head,Save nature’s wonders—fight pollution with brainpower!
19-2042.00,"Geoscientists, Except Hydrologists and Geographers",0.773226042428676,0.2620967741935484,0.7378497790868925,0.723211395273551,0.2297410192147034,0.6956521739130436,0.6011754827875736,0.6521739130434784,0.7494339622641509,0.7752645020065668,0.6186876322951316,0.6150857882809967,0.2155148866429937,0.6030878095850756,0.8269918699186993,0.7996768982229402,0.2833333333333333,0.4681647940074906,0.1116666666666666,1.0,0.7766666666666667,0.205,0.6371308016877635,0.6666666666666667,0.8730650154798761,0.4218181818181817,0.6301369863013702,0.5449438202247192,0.7035398230088497,0.6148409893992933,0.7962962962962961,0.5174603174603175,0.7341772151898736,0.355,0.2612903225806451,0.5060240963855422,0.6057692307692306,68,19-2042.00,Geoscientist,Science & Research,78,68,68,64,64,82,70,62,70,58,Senior Geoscientist,Geoscience Division Head,Energy Exploration CEO,Geology Consultant,Environmental Impact Director,Dig Earth’s secrets—find treasures beneath our feet!
19-3011.00,Economists,0.773226042428676,0.1650537634408601,0.8515463917525774,0.671738426675299,0.0,0.733695652173913,0.5155331654072209,0.7306832298136647,0.7222641509433959,0.7621306092666907,0.629573631690354,0.5752670767238587,0.0,0.3618526857510455,0.8269918699186993,0.859773828756058,0.2483333333333333,0.5018726591760299,0.4666666666666667,1.0,0.0899999999999999,0.2033333333333333,0.8565400843881852,0.2453703703703704,0.8916408668730652,0.0036363636363635,0.2054794520547944,0.2696629213483148,0.7920353982300883,0.7173144876325089,0.6388888888888886,0.3746031746031747,0.831223628691983,0.1949999999999998,0.1419354838709676,0.4457831325301202,0.6682692307692306,86,19-3011.00,Policy Analyst,Public Service & Governance,80,68,56,72,76,90,74,60,80,64,Senior Policy Analyst,Policy Director,Government Advisor,Think Tank Head,International Policy Consultant,Shape big rules—fix India’s future with ideas!
19-3011.00,Economists,0.773226042428676,0.1650537634408601,0.8515463917525774,0.671738426675299,0.0,0.733695652173913,0.5155331654072209,0.7306832298136647,0.7222641509433959,0.7621306092666907,0.629573631690354,0.5752670767238587,0.0,0.3618526857510455,0.8269918699186993,0.859773828756058,0.2483333333333333,0.5018726591760299,0.4666666666666667,1.0,0.0899999999999999,0.2033333333333333,0.8565400843881852,0.2453703703703704,0.8916408668730652,0.0036363636363635,0.2054794520547944,0.2696629213483148,0.7920353982300883,0.7173144876325089,0.6388888888888886,0.3746031746031747,0.831223628691983,0.1949999999999998,0.1419354838709676,0.4457831325301202,0.6682692307692306,88,19-3011.00,Economist,Public Service & Governance,86,72,64,74,74,92,76,64,78,60,Senior Economist,Chief Economist (Govt/Org),Economic Policy Advisor,Professor of Economics,Economic Consulting Firm Head,Crack money mysteries—predict India’s wealth waves!
19-3011.01,Environmental Economists,0.7008046817849306,0.1771505376344086,0.7216494845360826,0.6202654580770475,0.0,0.7845652173913045,0.6242653232577667,0.8079503105590063,0.7222641509433959,0.7621306092666907,0.702449349863925,0.5752670767238587,0.0,0.5226761016403989,0.8448780487804879,0.8355411954765751,0.2549999999999999,0.4531835205992509,0.5183333333333333,1.0,0.2899999999999999,0.2133333333333333,0.8227848101265822,0.2453703703703704,0.9659442724458204,0.0036363636363635,0.273972602739726,0.1123595505617975,0.6194690265486724,0.7738515901060073,0.587962962962963,0.253968253968254,0.658227848101266,0.155,0.1709677419354839,0.2449799196787148,0.6778846153846154,45,19-3011.01,AI Ethicist,Technology Design & Research,80,74,76,76,62,92,76,62,70,58,Senior AI Ethicist,AI Policy Director,Tech Ethics Consultant,Chief AI Officer,Regulatory Advisor,Shape AI’s moral compass—ensure robots play nice with humans!
19-3032.00,Industrial-Organizational Psychologists,0.8302852962692026,0.1545698924731182,0.8736377025036819,0.6863062479766915,0.0,0.691304347826087,0.6242653232577667,0.6385093167701864,0.7735849056603775,0.8591754834002187,0.8358028424553978,0.6150857882809967,0.0,0.4335799292376971,0.874471544715447,0.9046849757673668,0.3766666666666667,0.445692883895131,0.6083333333333333,0.7200000000000001,0.0183333333333333,0.53,0.7974683544303796,0.75,0.904024767801858,0.5527272727272726,0.6118721461187218,0.6741573033707864,0.8407079646017697,0.6148409893992933,0.837962962962963,0.7047619047619048,0.7594936708860758,0.565,0.5096774193548388,0.5863453815261044,0.6442307692307692,79,19-3032.00,Clinical Psychologist,Healthcare & Wellness,86,72,54,60,72,84,72,50,76,58,Senior Clinical Psychologist,Mental Health Clinic Director,Psychology Professor,Therapy Practice Founder,Corporate Wellness Consultant,Mend minds with care—help hearts find peace!
19-3099.01,Transportation Planners,0.773226042428676,0.1876344086021505,0.8762886597938144,0.6591129815474261,0.0334168755221387,0.5586956521739131,0.6242653232577667,0.5900621118012424,0.6362264150943394,0.6789492885808098,0.7807680677351074,0.5752670767238587,0.0,0.8735927951109681,0.7138211382113819,0.7744749596122779,0.1966666666666666,0.5674157303370786,0.3683333333333333,0.75,0.3666666666666667,0.1749999999999999,0.5316455696202529,0.5601851851851853,0.7987616099071208,0.4727272727272725,0.7260273972602742,0.5280898876404496,0.668141592920354,0.5724381625441698,0.8148148148148147,0.5650793650793652,0.5274261603375527,0.3199999999999998,0.4870967741935483,0.3775100401606424,0.31730769230769207,47,19-3099.01,UX Researcher,Technology Design & Research,72,70,78,74,60,92,72,62,70,56,Senior UX Researcher,Chief Experience Officer (CXO),UX Consulting Founder,Product Insights Director,Behavioral Science Lead,Peek into users’ minds—make tech fit like a glove!
19-4092.00,Forensic Science Technicians,0.7282370153621068,0.5860215053763441,0.6995581737849779,0.6591129815474261,0.607073238652186,0.4541304347826087,0.7607052896725442,0.4963975155279504,0.7075471698113206,0.7336738416636265,0.5442999697611128,0.5519585626416313,0.3468997541655285,0.6272113219684785,0.7391869918699188,0.7744749596122779,0.1333333333333333,0.6329588014981273,0.1183333333333332,0.8516666666666667,0.6716666666666666,0.1149999999999999,0.333333333333333,0.5462962962962965,0.6160990712074305,0.3199999999999999,0.4840182648401827,0.7752808988764044,0.4380530973451324,0.3215547703180212,0.976851851851852,0.2317460317460317,0.1434599156118146,0.47,0.0967741935483871,0.3453815261044175,0.46634615384615374,69,19-4092.00,Forensic Scientist,Science & Research,80,70,60,60,72,84,68,54,76,60,Senior Forensic Scientist,Forensic Lab Director,Crime Investigation Consultant,Forensic Tech Founder,Criminal Justice Advisor,Solve crimes with science—be a real-life detective!
21-1012.00,"Educational, Guidance, and Career Counselors and Advisors",0.7008046817849306,0.1747311827956989,0.7625920471281296,0.6202654580770475,0.1835143414090782,0.391304347826087,0.429471032745592,0.3850931677018634,0.710943396226415,0.7843852608537029,0.6797701844572119,0.6549044998381354,0.2911772739688609,0.4335799292376971,0.7782113821138212,0.7996768982229402,0.4033333333333333,0.3220973782771536,0.535,0.385,0.0,1.0,0.6033755274261601,0.9212962962962964,0.7213622291021672,0.9818181818181818,0.945205479452055,0.8764044943820224,0.8008849557522122,0.6925795053003535,0.953703703703704,0.8412698412698413,0.6751054852320677,0.92,0.9903225806451612,0.8514056224899598,0.8846153846153844,102,21-1012.00,Educational Counselor,Education & Social Impact,74,62,44,60,80,86,66,68,82,74,Senior Counselor,Education Advisory Head,Career Coaching Firm Founder,School District Counselor,Student Wellness Director,Guide dreams to reality—help kids find their path!
21-1021.00,"Child, Family, and School Social Workers",0.6876371616678859,0.2663978494623655,0.6400589101620029,0.6086112010359337,0.0334168755221387,0.3256521739130435,0.5180520570948784,0.3229813664596274,0.7366037735849055,0.8372856621670922,0.6186876322951316,0.6843638718031723,0.2458344714558864,0.3136056609842393,0.7411382113821139,0.7899838449111468,0.3166666666666666,0.3576779026217229,0.3216666666666666,0.3866666666666666,0.1166666666666666,0.9749999999999998,0.5780590717299576,0.6944444444444449,0.544891640866873,0.8618181818181819,0.5707762557077625,0.713483146067416,0.6725663716814159,0.4982332155477033,0.6712962962962963,0.5936507936507937,0.6708860759493671,0.6099999999999999,0.7419354838709677,0.7429718875502005,0.6105769230769229,103,21-1021.00,Social Worker,Education & Social Impact,70,56,42,62,76,80,60,46,78,70,Senior Social Worker,NGO Director,Social Policy Advisor,Community Program Head,Social Impact Consultant,Lift lives with love—be a hero for the needy!
21-1091.00,Health Education Specialists,0.6210680321872714,0.3868279569892473,0.7263622974963182,0.5959857559080608,0.341130604288499,0.3256521739130435,0.586062132661629,0.3754037267080745,0.6362264150943394,0.771251368113827,0.6462050196552769,0.4739397863386206,0.1693526358918328,0.2959150852364106,0.7265040650406502,0.7870759289176089,0.2549999999999999,0.4344569288389513,0.3666666666666667,0.7166666666666667,0.1066666666666666,0.8599999999999998,0.7383966244725737,0.7592592592592593,0.7089783281733745,0.7854545454545455,0.872146118721461,0.7865168539325844,0.6858407079646018,0.8056537102473499,0.902777777777778,0.7396825396825398,0.6329113924050633,0.69,0.5903225806451613,0.6184738955823292,0.7932692307692306,78,21-1091.00,Public Health Specialist,Healthcare & Wellness,80,68,56,64,74,86,70,54,78,64,Senior Public Health Specialist,Public Health Agency Head,Global Health Consultant,NGO Health Director,Epidemiology Advisor,Guard India’s wellness—fight sickness before it spreads!
23-1011.00,Lawyers,0.773226042428676,0.396505376344086,0.8141384388807069,0.671738426675299,0.1058201058201057,0.4017391304347827,0.7556675062972292,0.4263354037267081,0.8679245283018869,1.0,0.7580889023283943,0.5636128196827451,0.0,0.4181408813123191,0.9134959349593496,0.8869143780290792,0.22,0.5393258426966292,0.7566666666666667,0.5866666666666667,0.0283333333333333,0.4083333333333333,0.7763713080168775,0.7222222222222223,0.8885448916408668,0.5818181818181819,0.6255707762557077,0.792134831460674,0.7610619469026547,0.519434628975265,0.8101851851851849,0.6190476190476192,0.7468354430379749,0.7199999999999998,0.6645161290322581,0.8032128514056223,0.6923076923076918,95,23-1011.00,Patent Attorney,Creative & Media Arts,90,80,60,64,76,94,78,62,80,56,Senior Patent Attorney,IP Law Firm Partner,Chief IP Officer,Patent Consultant,Tech Law Advisor,Protect genius ideas—be the law’s tech hero!
25-2031.00,"Secondary School Teachers, Except Special and Career/Technical Education",0.7446964155084125,0.2962365591397849,0.7431516936671576,0.5244415668501132,0.1058201058201057,0.5,0.6242653232577667,0.5190062111801244,0.6679245283018868,0.8117475373951114,0.7580889023283943,0.5636128196827451,0.0682873531821906,0.5403666773882276,0.7138211382113819,0.7473344103392568,0.4516666666666666,0.3689138576779026,0.2916666666666666,0.3716666666666667,0.3083333333333333,1.0,0.7468354430379744,0.8981481481481481,0.7461300309597524,0.850909090909091,0.7808219178082192,0.7640449438202248,0.7389380530973448,0.7420494699646644,0.8564814814814816,0.742857142857143,0.7763713080168775,0.8599999999999999,0.8516129032258064,0.8152610441767068,0.6298076923076921,101,25-2031.00,Secondary School Teacher,Education & Social Impact,76,60,40,56,84,84,64,70,86,76,Senior Teacher,School Principal,Education Consultant,EdTech Founder,Curriculum Director,Inspire young minds—shape tomorrow’s leaders!
27-1011.00,Art Directors,0.634235552304316,0.4209677419354839,0.9499263622974964,0.5224991906765941,0.3854079643553327,0.4317391304347826,0.7279596977329975,0.4126708074534162,0.6226415094339622,0.665815395840934,0.9485938917447838,0.5098737455487211,0.0,0.8620135091669348,0.7021138211382114,0.6109854604200323,1.0,0.4044943820224718,0.7183333333333334,0.2833333333333333,0.3366666666666666,0.2999999999999999,0.7552742616033754,0.7037037037037039,0.6625386996904027,0.4545454545454545,0.7031963470319633,0.8314606741573036,0.654867256637168,0.8727915194346288,0.5324074074074074,0.6476190476190476,0.7848101265822787,0.5699999999999998,0.6774193548387097,0.7269076305220881,0.6442307692307692,91,27-1011.00,Animator,Creative & Media Arts,72,66,80,68,56,86,72,60,62,54,Senior Animator,Animation Studio Head,Animation Director,VFX Supervisor,Multimedia Entrepreneur,Bring cartoons to life—draw fun for all ages!
27-1014.00,Special Effects Artists and Animators,0.6068032187271396,0.5161290322580646,0.7484536082474227,0.4172871479443185,0.4316346421609579,0.4215217391304348,0.6926952141057937,0.4263354037267081,0.6679245283018868,0.665815395840934,0.7553674024795889,0.4561346714146973,0.0,0.9006111289803795,0.7021138211382114,0.6255250403877223,1.0,0.2921348314606741,0.285,0.2999999999999999,0.4533333333333333,0.185,0.6666666666666665,0.6481481481481481,0.4891640866873067,0.2072727272727271,0.6210045662100456,0.4494382022471908,0.5884955752212389,0.5901060070671379,0.6111111111111112,0.5111111111111112,0.5611814345991561,0.4849999999999999,0.6129032258064515,0.6144578313253013,0.3028846153846154,92,27-1014.00,VFX Artist,Creative & Media Arts,76,70,82,70,54,88,74,58,60,52,Senior VFX Artist,VFX Studio Director,Film Effects Supervisor,VFX Tech Founder,Animation Creative Head,Add movie magic—blast screens with cool effects!
27-1022.00,Fashion Designers,0.6602048280907097,0.6330645161290324,0.840942562592047,0.5600517966979603,0.505708716235032,0.3369565217391305,0.5411418975650716,0.4263354037267081,0.6226415094339622,0.699014958044509,0.8956758391291202,0.4613143412107477,0.0,0.7816018012222579,0.6630894308943089,0.6432956381260097,1.0,0.2340823970037452,0.495,0.1949999999999999,0.5533333333333333,0.2216666666666666,0.8016877637130797,0.837962962962963,0.6563467492260063,0.5200000000000001,0.6484018264840186,0.797752808988764,0.8672566371681412,0.992932862190813,0.587962962962963,0.7873015873015873,0.6540084388185654,0.4249999999999998,0.5193548387096774,0.7590361445783129,0.783653846153846,90,27-1022.00,Fashion Designer,Creative & Media Arts,74,66,72,66,52,84,70,58,56,52,Senior Fashion Designer,Fashion Brand CEO,Creative Director (Fashion),Fashion Consultant,Global Design Head,Stitch style dreams—dress the world in flair!
27-1024.00,Graphic Designers,0.4714703730797368,0.4516129032258065,0.8515463917525774,0.3625768857235352,0.3854079643553327,0.266304347826087,0.6926952141057937,0.3229813664596274,0.5222641509433962,0.5249908792411527,0.8612035077109164,0.3311751375849786,0.0,0.6658089417819235,0.5847154471544715,0.612924071082391,1.0,0.3970037453183521,0.435,0.305,0.3666666666666667,0.2183333333333333,0.721518987341772,0.8148148148148151,0.628482972136223,0.5272727272727272,0.7488584474885847,0.803370786516854,0.7787610619469025,0.9081272084805656,0.5601851851851851,0.5650793650793652,0.6751054852320677,0.6699999999999999,0.5193548387096774,0.6987951807228916,0.7019230769230769,42,27-1024.00,UI/UX Designer,Technology Design & Research,74,72,80,74,60,92,74,60,70,54,Senior UI/UX Designer,Chief Design Officer (CDO),Design Agency Founder,User Experience Director,Digital Product Lead,Make tech look cool—design apps everyone loves to use!
27-1024.00,Graphic Designers,0.4714703730797368,0.4516129032258065,0.8515463917525774,0.3625768857235352,0.3854079643553327,0.266304347826087,0.6926952141057937,0.3229813664596274,0.5222641509433962,0.5249908792411527,0.8612035077109164,0.3311751375849786,0.0,0.6658089417819235,0.5847154471544715,0.612924071082391,1.0,0.3970037453183521,0.435,0.305,0.3666666666666667,0.2183333333333333,0.721518987341772,0.8148148148148151,0.628482972136223,0.5272727272727272,0.7488584474885847,0.803370786516854,0.7787610619469025,0.9081272084805656,0.5601851851851851,0.5650793650793652,0.6751054852320677,0.6699999999999999,0.5193548387096774,0.6987951807228916,0.7019230769230769,89,27-1024.00,Graphic Designer,Creative & Media Arts,70,64,76,70,54,88,68,60,60,56,Senior Graphic Designer,Creative Director,Design Agency Founder,Brand Identity Consultant,Art Director,Doodle for dollars—make brands pop with art!
27-1025.00,Interior Designers,0.6543525969275786,0.1973118279569892,0.8762886597938144,0.4341210747814827,0.0334168755221387,0.4921739130434782,0.7128463476070531,0.5416149068322982,0.6226415094339622,0.665815395840934,0.8866041729664349,0.5098737455487211,0.0,0.9121904149244128,0.7021138211382114,0.7063004846526656,0.7783333333333333,0.3876404494382022,0.39,0.3633333333333333,0.5716666666666665,0.2983333333333333,0.5780590717299576,0.7592592592592593,0.6470588235294118,0.5309090909090909,0.7168949771689497,0.707865168539326,0.7699115044247786,0.9328621908127208,0.6481481481481481,0.7523809523809527,0.4514767932489452,0.4499999999999999,0.7,0.791164658634538,0.3557692307692306,99,27-1025.00,Interior Designer,Creative & Media Arts,74,66,70,66,54,86,70,62,60,56,Senior Interior Designer,Design Firm CEO,Real Estate Design Head,Interior Consultant,Hospitality Design Director,Style dream spaces—turn rooms into wow!
27-2012.00,Producers and Directors,0.8039502560351136,0.381720430107527,0.8085419734904271,0.5244415668501132,0.3854079643553327,0.4343478260869565,0.6242653232577667,0.4658385093167703,0.6826415094339621,0.8613644655235314,0.8309646205019656,0.5908060861120102,0.0,0.8150530717272435,0.6991869918699187,0.7305331179321487,0.8583333333333333,0.3539325842696628,0.7966666666666667,0.205,0.1899999999999999,0.355,0.5780590717299576,0.75462962962963,0.6811145510835915,0.5963636363636363,0.7990867579908674,0.8707865168539324,0.6814159292035395,0.7314487632508836,0.7638888888888891,0.7936507936507938,0.7004219409282701,0.605,0.7612903225806451,0.7710843373493974,0.6634615384615383,100,27-2012.00,Producer,Creative & Media Arts,82,76,74,70,56,88,78,54,64,50,Senior Producer,Media Production CEO,Film Studio Head,Content Platform Director,Entertainment Consultant,Make movie magic—bring big screens to life!
27-2012.03,Media Programming Directors,0.6543525969275786,0.4061827956989247,0.840942562592047,0.5496924571058595,0.3202450570871623,0.4076086956521739,0.6242653232577667,0.4561490683229814,0.6886792452830187,0.7570229843122948,0.7973994557000303,0.6179993525412754,0.0,0.4934062399485365,0.7294308943089429,0.7899838449111468,0.4866666666666667,0.5767790262172285,0.9583333333333331,0.2033333333333333,0.0466666666666666,0.4516666666666666,0.691983122362869,0.6759259259259263,0.7213622291021672,0.6581818181818181,0.7351598173515983,0.7640449438202248,0.6327433628318584,0.7279151943462899,0.7407407407407407,0.7492063492063493,0.548523206751055,0.585,0.596774193548387,0.5502008032128514,0.615384615384615,96,27-2012.03,Animation Director,Creative & Media Arts,80,74,78,68,58,88,76,56,64,52,Senior Animation Director,Animation Studio CEO,Film Director,VFX Creative Head,Media Production Head,Lead cartoon crews—make animated worlds come alive!
27-2022.00,Coaches and Scouts,0.680687637161668,0.3397849462365592,0.8141384388807069,0.5908060861120104,0.4260651629072681,0.3206521739130434,0.50671704450042,0.3319254658385093,0.640754716981132,0.9062385990514408,0.8249168430601754,0.534153447717708,0.5244468724392244,0.7976841428111934,0.6334959349593496,0.6255250403877223,0.2383333333333333,0.3333333333333333,0.6883333333333334,0.1916666666666666,0.5433333333333333,0.7183333333333334,0.6413502109704639,0.7407407407407409,0.6315789473684211,0.7527272727272728,0.7031963470319633,0.7415730337078652,0.6637168141592917,0.5441696113074205,0.7222222222222221,0.8539682539682539,0.6751054852320677,0.7149999999999999,0.7483870967741935,0.690763052208835,0.5096153846153844,108,27-2022.00,Athlete,Specialized Professions,80,70,70,50,40,40,70,48,50,56,Elite Athlete,Sports Team Owner,Sports Commentator,Athletic Coach,Sports Brand Entrepreneur,Score epic wins—be a sports legend!
27-2022.00,Coaches and Scouts,0.680687637161668,0.3397849462365592,0.8141384388807069,0.5908060861120104,0.4260651629072681,0.3206521739130434,0.50671704450042,0.3319254658385093,0.640754716981132,0.9062385990514408,0.8249168430601754,0.534153447717708,0.5244468724392244,0.7976841428111934,0.6334959349593496,0.6255250403877223,0.2383333333333333,0.3333333333333333,0.6883333333333334,0.1916666666666666,0.5433333333333333,0.7183333333333334,0.6413502109704639,0.7407407407407409,0.6315789473684211,0.7527272727272728,0.7031963470319633,0.7415730337078652,0.6637168141592917,0.5441696113074205,0.7222222222222221,0.8539682539682539,0.6751054852320677,0.7149999999999999,0.7483870967741935,0.690763052208835,0.5096153846153844,109,27-2022.00,Sports Coach,Specialized Professions,74,64,60,58,60,70,68,58,66,60,Senior Coach,National Team Coach,Sports Academy Founder,Athletic Director,Sports Consultant,Train champs to shine—lead teams to glory!
27-3031.00,Public Relations Specialists,0.7008046817849306,0.1973118279569892,0.8247422680412371,0.5370670119779861,0.0,0.2904347826086957,0.5180520570948784,0.3527950310559007,0.7169811320754716,0.7238234221087193,0.7973994557000303,0.5752670767238587,0.0,0.4451592151817305,0.6865040650406504,0.7870759289176089,0.62,0.3389513108614232,0.8016666666666665,0.2983333333333333,0.0,0.49,0.713080168776371,0.7731481481481486,0.520123839009288,0.4727272727272725,0.6484018264840186,0.7471910112359548,0.8628318584070795,0.6042402826855123,0.8333333333333333,0.707936507936508,0.8016877637130804,0.4749999999999998,0.6516129032258065,0.7630522088353413,0.40865384615384603,16,27-3031.00,Public Relations Specialist,Sales & Marketing,70,64,60,72,54,86,68,58,60,50,Senior PR Manager,Chief Communications Officer (CCO),PR Agency Founder,Corporate Affairs Director,Crisis Management Consultant,Spin stories and shine brands—be the voice that everyone listens to!
27-3041.00,Editors,0.5760790051207024,0.4838709677419355,0.8736377025036819,0.470055033991583,0.2993595098858256,0.2930434782608696,0.7405541561712848,0.3319254658385093,0.6509433962264147,0.6789492885808098,0.7444814030843665,0.3900938815150533,0.0,0.5519459633322612,0.9882926829268291,1.0,0.6933333333333334,0.5973782771535581,0.505,0.3516666666666667,0.0,0.2516666666666666,0.5611814345991559,0.7685185185185184,0.6408668730650154,0.5527272727272726,0.7077625570776258,0.6235955056179776,0.6725663716814159,0.7491166077738517,0.7638888888888891,0.7047619047619048,0.548523206751055,0.5,0.6225806451612903,0.7228915662650601,0.5096153846153844,94,27-3041.00,Journalist,Creative & Media Arts,78,64,70,74,58,86,70,52,64,50,Senior Journalist,Editor-in-Chief,Media House Director,Investigative Reporter,News Channel Head,Chase epic stories—tell tales that shake the world!
27-3043.00,Writers and Authors,0.4381858083394293,0.1118279569892473,0.840942562592047,0.3994820330203947,0.0334168755221387,0.0904347826086957,0.4991603694374477,0.1033540372670808,0.6509433962264147,0.6526815031010581,0.8249168430601754,0.3039818711557137,0.0327779295274515,0.3911225474429077,0.7538211382113822,0.975767366720517,0.9883333333333332,0.2846441947565543,0.6333333333333333,0.3766666666666667,0.0,0.3066666666666666,0.6160337552742614,0.75,0.6068111455108359,0.3854545454545454,0.8127853881278537,0.9213483146067416,0.8716814159292037,0.519434628975265,0.3935185185185184,0.580952380952381,0.8987341772151898,0.6600000000000001,0.467741935483871,0.718875502008032,0.5865384615384615,93,27-3043.00,Content Creator,Creative & Media Arts,68,60,84,72,50,90,66,56,54,58,Senior Content Creator,Media Company CEO,Digital Content Strategist,Influencer Agency Founder,TV Producer,Go viral with flair—create buzz everyone loves!
29-1021.00,"Dentists, General",0.8588149231894661,0.9946236559139788,0.6995581737849779,0.7960505017805113,0.9473684210526314,0.5078260869565218,0.858942065491184,0.5714285714285715,0.7358490566037735,0.7336738416636265,0.6640459631085576,0.756231790223373,0.3165801693526359,0.7076230299131554,0.7265040650406502,0.58578352180937,0.0249999999999999,0.4101123595505617,0.1583333333333333,0.7333333333333333,0.7183333333333334,0.5449999999999998,0.6286919831223627,0.5787037037037037,0.6222910216718266,0.7527272727272728,0.5616438356164384,0.6741573033707864,0.5353982300884954,0.4840989399293286,0.7638888888888891,0.7142857142857145,0.620253164556962,0.6999999999999997,0.5870967741935482,0.6867469879518071,0.4999999999999998,75,29-1021.00,Dentist,Healthcare & Wellness,92,80,52,52,78,76,76,56,84,60,Senior Dentist,Dental Clinic Chain Owner,Orthodontic Specialist,Dental Consultant,Public Health Dentist,Fix smiles all day—make teeth sparkle like stars!
29-1031.00,Dietitians and Nutritionists,0.7446964155084125,0.2962365591397849,0.6612665684830634,0.6591129815474261,0.0696184906711222,0.5260869565217392,0.4991603694374477,0.5714285714285715,0.7222641509433959,0.7621306092666907,0.7444814030843665,0.5908060861120102,0.0,0.4181408813123191,0.7265040650406502,0.7870759289176089,0.2333333333333333,0.3183520599250936,0.4033333333333333,0.6333333333333333,0.3383333333333334,0.75,0.4978902953586495,0.5092592592592593,0.6811145510835915,0.8436363636363636,0.6666666666666665,0.6629213483146068,0.5575221238938051,0.4770318021201415,0.8472222222222221,0.5873015873015873,0.4135021097046414,0.4949999999999999,0.6903225806451612,0.4578313253012047,0.5240384615384615,80,29-1031.00,Dietitian,Healthcare & Wellness,78,66,52,62,70,82,68,60,74,62,Senior Dietitian,Nutrition Program Director,Wellness Startup Founder,Dietary Consultant,Hospital Nutrition Head,Plan yummy health—turn food into feel-good fuel!
29-1051.00,Pharmacists,0.7282370153621068,0.6408602150537636,0.6170839469808542,0.631919715118161,0.6196045669729879,0.5628260869565218,0.7758186397984891,0.6611180124223603,0.7675471698113209,0.8259759211966436,0.4783791956456003,0.6510197474910974,0.260038240917782,0.3618526857510455,0.8152845528455284,0.7473344103392568,0.08,0.5655430711610485,0.2549999999999999,0.775,0.3133333333333333,0.6349999999999999,0.4303797468354426,0.587962962962963,0.7678018575851394,0.8872727272727273,0.7990867579908674,0.7865168539325844,0.5442477876106193,0.4593639575971732,0.7361111111111109,0.7682539682539685,0.6455696202531647,0.73,0.635483870967742,0.8714859437751001,0.4951923076923075,74,29-1051.00,Pharmacist,Healthcare & Wellness,84,72,54,56,74,80,70,60,82,64,Senior Pharmacist,Pharmacy Chain CEO,Pharmaceutical Consultant,Hospital Pharmacy Director,Drug Development Lead,Mix cures like a pro—keep people healthy with pills!
29-1123.00,Physical Therapists,0.7139722019019751,0.6408602150537636,0.6438880706921943,0.631919715118161,0.6404901141743247,0.4258695652173913,0.4445843828715367,0.5093167701863355,0.6509433962264147,0.7336738416636265,0.5697006350166316,0.5752670767238587,0.4834744605299099,0.5519459633322612,0.7021138211382114,0.735702746365105,0.1949999999999999,0.2659176029962547,0.2483333333333333,0.6449999999999999,0.5566666666666666,0.8183333333333332,0.6666666666666665,0.8194444444444444,0.7832817337461301,0.9272727272727272,0.8310502283105023,0.808988764044944,0.7831858407079644,0.6643109540636042,0.9074074074074072,0.7142857142857145,0.6413502109704643,0.8599999999999999,0.9612903225806452,0.7751004016064256,0.7980769230769231,76,29-1123.00,Physiotherapist,Healthcare & Wellness,80,68,50,58,72,74,72,58,78,62,Senior Physiotherapist,Rehab Center Director,Sports Therapy Consultant,Physiotherapy Chain Founder,Hospital Rehab Head,Heal bodies with moves—get people back on their feet!
33-1012.00,First-Line Supervisors of Police and Detectives,0.7139722019019751,0.5405913978494624,0.7148748159057436,0.6202654580770475,0.5708716235032024,0.4173913043478261,0.586062132661629,0.4963975155279504,0.6826415094339621,0.7570229843122948,0.6186876322951316,0.6179993525412754,0.4233815897295822,0.5110968156963656,0.7294308943089429,0.735702746365105,0.0166666666666666,0.6573033707865168,1.0,0.2166666666666667,0.385,0.4783333333333334,0.6455696202531642,0.6574074074074077,0.7306501547987617,0.7236363636363637,0.6940639269406392,0.7752808988764044,0.7035398230088497,0.5901060070671379,0.9259259259259258,0.8666666666666668,0.7299578059071732,0.9499999999999996,0.7193548387096773,0.9156626506024096,0.5288461538461535,83,33-1012.00,Indian Police Service (IPS) Officer,Public Service & Governance,96,78,36,48,92,76,86,52,94,68,Senior IPS Officer,Director General of Police,Security Consultant,Intelligence Agency Head,Police Reform Advisor,Fight crime with guts—keep India safe and strong!
41-9022.00,Real Estate Sales Agents,0.5263350402340893,0.2620967741935484,0.5923416789396172,0.3752023308514081,0.149262043998886,0.5,0.418975650713686,0.5505590062111801,0.6226415094339622,0.665815395840934,0.5107348049591778,0.3156361281968273,0.1037967768369297,0.5110968156963656,0.6747967479674797,0.537318255250404,0.155,0.646067415730337,0.905,0.0766666666666666,0.1699999999999999,0.4166666666666667,0.7974683544303796,0.6944444444444449,0.520123839009288,0.6363636363636364,0.6940639269406392,0.7865168539325844,0.8539823008849559,0.4522968197879861,0.9259259259259258,0.6158730158730158,0.7721518987341773,0.5699999999999998,0.7129032258064516,0.8674698795180722,0.7259615384615381,21,41-9022.00,Real Estate Agent,Sales & Marketing,68,64,50,62,50,80,66,60,54,52,Senior Real Estate Agent,Real Estate Firm CEO,Property Development Director,Real Estate Investment Manager,Urban Planning Consultant,Find dream homes and hot properties—be the key to everyone’s perfect place!
53-2011.00,"Airline Pilots, Copilots, and Flight Engineers",0.8039502560351136,0.6505376344086022,0.5923416789396172,0.671738426675299,0.7588415483152324,0.5260869565217392,0.834172963895886,0.6611180124223603,0.7075471698113206,0.7074060561838745,0.5334139703658907,0.8578828099708639,0.1693526358918328,0.7610164039884206,0.7138211382113819,0.4911147011308562,0.0716666666666666,0.5674157303370786,0.4649999999999999,0.3616666666666667,0.6233333333333333,0.2483333333333333,0.5147679324894512,0.7916666666666672,0.777089783281734,0.4945454545454545,0.8036529680365296,0.8146067415730336,0.6460176991150439,0.2190812720848057,0.7314814814814812,0.7777777777777778,0.6118143459915613,0.8500000000000001,0.7032258064516128,0.8393574297188753,0.0,107,53-2011.00,Aviation Pilot,Specialized Professions,88,80,76,54,70,70,80,52,72,48,Senior Pilot,Airline Chief Pilot,Aviation Company CEO,Flight Training Director,Aerospace Consultant,Fly high and free—soar skies like a pro!
53-5021.00,"Captains, Mates, and Pilots of Water Vessels",0.6126554498902707,0.6505376344086022,0.508100147275405,0.4739397863386205,0.7245892509050403,0.391304347826087,0.5533165407220825,0.4658385093167703,0.5773584905660377,0.6220357533746806,0.4714242515875417,0.497248300420848,0.4375853591914778,0.6593760051463493,0.566829268292683,0.5741518578352179,0.0,0.5430711610486891,0.5383333333333334,0.2733333333333333,0.7683333333333333,0.1466666666666666,0.5147679324894512,0.5555555555555558,0.5913312693498453,0.4690909090909091,0.4840182648401827,0.7359550561797752,0.6017699115044246,0.5265017667844524,0.537037037037037,0.7873015873015873,0.5569620253164558,0.7149999999999999,0.5806451612903225,0.7028112449799195,0.6298076923076921,87,53-5021.00,Merchant Navy Officer,Public Service & Governance,82,76,70,56,72,70,78,54,74,50,Senior Merchant Navy Officer,Fleet Commodore,Maritime Logistics CEO,Shipping Consultant,Port Authority Director,Sail the seas—command ships like a boss!
